battery_percent,speed,ac_usage,traffic_level,vehicle_load,temperature,estimated_range
43.708610696262625,38.513292883861965,1,high,1056.176077347439,20.356764044178846,115.99100777415484
95.56428757689245,74.1900947378358,0,high,1491.0957293831652,9.436317393827334,308.19332863015956
75.87945476302646,107.29458358764083,0,high,1927.1106288584274,2.014956172518337,99.60216657684282
63.8792635777333,93.22248864095612,0,high,1105.3932181078053,-5.251736238581175,140.14232834152392
24.041677639819287,100.65611478614497,1,high,1764.4407280755045,5.745922229444787,53.646049023985086
24.03950683025824,85.87833667107174,1,low,1409.6710533759926,-5.167758285612386,48.60006910571748
15.227525095137953,89.22765645178525,1,high,1655.173714524338,-1.1551524588008029,45.30703598676613
87.95585311974416,104.91956515653193,1,high,1260.2365979852293,39.366807928977295,108.62904072496106
64.1003510568888,44.966800885918595,1,low,1159.4922625413583,12.20517784533093,236.27679669092925
73.7265320016441,68.94249636431405,1,low,1160.4626142712264,16.593588325250828,278.9371507645382
11.85260448662222,42.120944181960226,1,low,1070.4919456431446,33.680926436860766,51.56363725509201
97.29188669457949,118.7668007996647,0,low,1185.646704901243,39.77844502453439,12.87304439743384
84.91983767203796,114.40593396866133,1,low,1664.2193849889682,19.135722467234075,45.929140614569064
29.110519961044854,23.942681136850588,0,low,1881.6906118435081,30.623691052208585,92.29771177772366
26.364247048639054,90.55751725156884,0,high,1814.125685591162,6.347051216833762,63.92803658356603
26.506405886809045,112.52483174156659,1,high,1685.1343098744842,5.287197872364555,19.831445254670346
37.381801866358394,38.057534512733355,1,medium,1110.4318634111028,10.13518604972801,122.20567929971426
57.228078846901404,76.79452305526294,0,high,1289.18744629595,23.625363133682455,179.4363798186148
48.87505167779042,111.54882975880419,0,high,1309.8068753224688,24.10958446275494,51.84751574473704
36.21062261782377,23.394597858579885,1,low,1249.9569463976213,5.76197173247254,77.4683041936041
65.06676052501416,89.742026724684,1,low,1515.0056597097232,-3.339503793168566,168.70808251281028
22.554447458683764,49.734900737255074,0,high,1535.5538148796727,21.619812823275428,78.84588510266319
36.29301836816963,112.43961953765304,1,medium,1356.8859751711102,-3.583706890561774,11.972017570771378
42.97256589643225,117.10582451653677,1,low,1353.789158736436,18.924625411466504,10.0
51.046298579533236,114.42664891134339,1,high,1828.5555979060814,24.671106402815447,40.07005605562318
80.66583652537122,67.42142166574638,0,high,1789.2928483196856,25.03057481972258,283.6580040100526
27.970640394252378,106.20426509893134,0,medium,1307.7958316807458,27.673605532979835,44.63541991263646
56.28109945722505,104.45493985350704,0,medium,1913.7884438732594,33.642971078283225,96.94960991656578
63.31731119758382,51.91004732432556,1,low,1952.815017002506,14.997949598239423,223.05110362250835
14.180537144799796,102.89154741506773,1,medium,1326.7425420300408,26.51245947647856,37.08266827681102
64.67903667112945,23.700763471549262,0,high,1354.424948793055,20.958636768291836,146.47878157570722
25.347171131856236,79.6269878482053,0,high,1505.634153421959,-0.6680030101158714,77.03937782191854
15.854643368675156,43.000883728770305,0,medium,1941.1208125336734,-8.715517756529591,62.196713980953604
95.39969835279999,32.05668857772788,1,medium,1876.3194331423115,4.227069283846689,227.13678610989166
96.90688297671034,27.695320162920915,0,medium,1102.5679625835899,12.151685316880972,292.69124524955055
82.7557613304815,89.62887758781397,0,medium,1392.7307432714163,20.855297221432814,239.06540390934217
37.41523922560336,53.98749637680661,1,low,1553.371189749772,32.497966525160265,150.4110560717687
18.79049026057455,92.47667715287615,1,medium,1503.13247255154,-0.18771416469171776,38.305739193985914
71.58097238609412,26.535634079894237,1,low,1193.8630679368925,-3.722510505076145,171.78488328964897
49.61372443656412,51.52903378306104,0,high,1858.8167711681547,38.173997373716375,139.5408127719747
20.983441136030095,73.94912923753373,1,medium,1676.9407829968372,-4.597772031179645,56.33334344708535
54.56592191001432,99.07231648389636,1,low,1837.9083748518037,13.924553505359459,104.24402408360159
13.094966900369656,51.87525029320699,0,medium,1858.7642793494722,19.278186439665095,44.59375698770312
91.83883618709038,82.58913764370091,1,high,1748.3558536657397,17.068721045371912,233.04592580484217
33.290198344001524,108.5977748236187,0,high,1439.2106012497175,-5.6983921483528395,46.71226195024897
69.62700559185838,81.58631881823047,0,high,1610.5467550154244,-7.148654299819031,195.15889544153825
38.053996848046985,43.29594747536338,1,medium,1160.365406119743,-4.725828626948216,114.43758940673864
56.80612190600297,22.4400781556538,1,medium,1673.6454174749078,19.279384193630626,106.25135441549138
59.203925140895166,107.00988739009298,1,low,1179.2532557392808,17.217244381716053,79.5093333033161
26.636900997297435,22.126941085038712,1,high,1693.9495905101567,1.6870396018372134,62.84080414841795
97.26261649881027,107.47016726841994,1,medium,1229.5981607539686,21.888707092279578,119.18463734607785
79.76195410250031,72.8937134027212,1,high,1117.55130015022,31.00337510278247,244.79045408426055
94.55490474077702,113.90676985128962,0,high,1165.2844901429573,-7.921052007670312,57.16757208287665
90.5344615384884,99.87832357736654,0,low,1001.9921352190703,14.90649717740212,230.22231629075387
63.810998092997664,119.79341105333374,1,low,1718.7396178535303,24.465520605134515,12.327543727352289
92.96868115208052,55.071181545171015,0,low,1732.4010490583792,2.6155963534843547,393.3690949848785
17.964325184672756,96.71882889311269,1,low,1514.9333499132595,5.388545264657456,39.31858771935354
27.638457617723066,60.193091360924214,0,high,1161.3628010553837,20.68189514946919,97.58370750255979
14.070456001948425,67.98756203039088,0,low,1083.5543375106897,34.89676467218685,59.55352649421226
39.27972976869379,82.750546321837,0,low,1019.128966437287,30.496221015144968,153.01891277841688
44.98095607205338,107.36771141863387,1,low,1165.7481769652206,19.156510954979176,74.95453543046594
34.42141285965063,118.40834691992951,0,low,1890.8555349831468,26.511085887862457,10.0
84.58637582367363,96.82734138645182,1,high,1241.5368417016819,8.241123510389933,162.57183715880325
42.10779940242303,61.77667821673337,0,low,1354.2713272172157,22.048276404937887,205.97564893614657
35.28410587186427,62.13570022770702,0,high,1105.3454844813332,13.30907955637785,130.52809103426083
58.84264748424236,93.75823015888915,0,medium,1222.3613047481704,-0.503193177121954,155.3986310811984
22.683180247728636,43.87771457683023,0,high,1519.224570780205,25.08691369386286,58.937610854567296
82.19772826786357,31.047411313139467,0,high,1607.7526830956526,17.823231867441102,197.1089651431692
16.709557931179376,55.462215764077655,1,low,1245.352314166211,7.9310790976795715,65.39114100984617
98.81982429404655,48.72389916540817,1,medium,1057.7321592251171,35.566959503931535,315.8626671220357
79.50202923669917,49.63081204559901,0,medium,1391.0328691273987,-8.953294108663336,273.0490261615128
27.884411338075516,43.36077510499099,0,medium,1234.2033709263342,5.7886575624748,102.49824189137671
10.496990541124216,24.20931896363619,0,medium,1219.553923229802,-7.155930111117672,24.263284144537124
83.39152856093507,21.787393473341382,0,high,1959.8628027134553,28.32636581108136,178.48730626616367
73.61716094628554,118.77223897360315,1,medium,1616.300485925724,25.105372705689632,10.838986525649036
75.61064512368885,62.77731337358623,0,high,1556.878443172096,6.5676109368158535,248.57751202271893
79.41433120173512,58.432664715968166,1,high,1415.7751035233218,23.78314511035365,250.41178969226453
16.664018656068134,87.96472826930699,0,high,1428.9443334301443,9.796861309797492,43.08431990249298
42.261915568984534,41.825388786506416,1,medium,1540.9050038380808,27.812689571121716,132.9244671900634
20.428215357261674,114.99611839502253,0,low,1696.4298070361074,12.709183136835303,10.0
87.67930832880342,98.6345014415552,0,low,1702.1460961818293,10.613986391583278,212.80108358684043
66.09683141448022,28.941100231225953,1,medium,1171.6939077054496,36.73649577441505,159.65949730352256
39.78082223673843,61.75807757849284,0,low,1500.112752076627,2.543954994535012,166.49828769531544
15.720251525742128,107.91183075621647,0,low,1411.958095034102,-3.9776330001717284,28.108799307401412
37.9884089544096,114.47320222914102,0,high,1870.526966269384,19.22715566297291,20.681528600422485
39.266498982407235,66.74015112498697,1,high,1631.4189212183765,38.466090614208944,90.54974422729957
75.66455605042577,81.34113892107078,0,medium,1532.504066415982,8.891960686359333,250.89756584408664
67.38017242196918,36.70339460920752,0,medium,1115.3946421789174,-6.898161818560924,220.055644350965
89.84914683186939,119.11686261369765,1,low,1605.6378893234114,6.965263365478371,10.0
52.49934326457544,43.16717013834434,1,high,1117.2039056802334,15.296582715977923,146.46154640082375
20.763482134447152,114.27317741351257,1,medium,1337.206575565752,-1.9038496683893147,21.847593282896817
74.19203085006956,84.96466489923685,0,medium,1142.841964814332,22.905110902824603,244.29907079201692
78.47065437552077,80.77367948788591,0,medium,1692.073647024369,39.88746945051003,238.73388775592386
60.51494778125466,71.26885110165085,0,medium,1206.2521138361526,12.58697379907219,232.3160448024991
79.38704619591049,43.066981171775865,1,medium,1391.859373188026,7.736427836510632,236.0676792766313
54.44160367279517,37.65280320055083,0,medium,1895.6747776187785,10.035208341723333,167.86058354173102
57.045954644379464,42.048620907017536,0,low,1204.3163833989702,-4.242691080239943,213.46980408324617
48.47869165226947,38.64382621442545,1,high,1507.805063958779,34.16368007131119,127.06270031038412
12.287721406968567,97.95844735667534,1,high,1419.271661166022,10.7412827760676,21.740243239182178
19.7102284293974,55.01252591667301,1,medium,1018.1240410457298,9.363720571242066,69.65919385034285
12.828626711806082,25.784267656339637,1,high,1792.7581135728128,22.984513646523716,43.79672528728539
67.27693701374024,116.91026301408114,1,high,1069.0459063145997,12.101671046556177,17.149942098093618
38.2920382968694,108.37858849634257,0,high,1474.2550209769536,22.4116734403923,50.62950055391678
55.77136220482325,112.77522831952129,1,medium,1560.6782949389499,-6.927685493460625,33.52373670134219
91.68098265334837,119.49078226464353,0,medium,1628.426456614587,30.68616718611137,10.0
32.43630062339874,37.389524921948734,0,high,1688.6316293078755,37.02519764397013,86.34207743094835
46.93446307320668,59.62420189026587,1,high,1253.272383522715,22.4382693079693,139.76475458190652
77.99960246887439,95.82384757040913,1,medium,1009.9787766584494,37.72829644294054,169.37840061295313
30.59183489424602,89.60206180537922,1,low,1723.443662354912,-2.4283842815018355,102.87908587672494
16.92819188459137,35.389590633985506,0,high,1535.6565993475785,13.870809474017683,42.16786310798496
36.077630762239124,101.58331249906178,1,low,1836.1177032072487,20.090336697272363,65.91495592141071
24.5099158528604,42.44405718366607,1,high,1821.3883629006941,19.086832371059334,66.23351613414624
93.67278871083158,42.381761482262306,1,low,1843.3261677878832,10.07308895445216,311.16619290397733
82.73083416079753,73.69744228934135,1,low,1485.0946599795402,6.904220468313071,287.15882834107487
67.00633808593811,79.29399348417031,1,low,1333.6283958368656,-3.6587988724790597,223.19828941765053
88.43145311689459,78.00862078378111,0,medium,1791.55820259137,9.587122528113909,281.9753578489602
82.33048692092031,29.148683739775485,0,low,1451.294113029255,-1.8669592447257433,225.63437510781122
26.791305299743225,107.74608626303804,0,low,1183.4421964034345,26.71828382461092,38.97712427741812
90.330309864098,46.560004258870606,1,low,1854.9740195614745,0.441546774729499,306.31673055231323
58.540801772408564,32.95149212828042,1,high,1882.5598767723473,-7.071734735773307,108.37136551351121
82.66961396476563,108.87480798689772,1,low,1466.30975614017,17.618306890861717,75.53897868720068
90.64821699311439,115.56514982297534,0,high,1075.6997273097875,19.76148663597008,53.43886474171752
38.62031274746775,106.21276172654507,1,low,1387.8260899169313,33.59565306402528,59.68319104423485
19.90467320749091,100.95160747248781,1,low,1803.5376594626034,18.849080620884095,28.75978167460168
30.51416462877475,85.52419806390218,1,medium,1901.7740285462287,7.274042686172287,69.61316790530476
48.43970097636307,75.08573706091393,0,high,1203.4727424975958,30.150594076316025,150.1270807610251
83.62132893302439,28.698675991141016,1,low,1066.9736120252714,17.013944659371052,237.76610655209913
87.46575249307091,60.845321307069874,0,high,1877.3504531328385,-6.035985768440413,268.6701646092182
10.625691747807164,57.2688517012314,1,high,1389.4049389788752,18.292528015662334,37.40387459765009
55.967257231980916,45.97537837603262,0,medium,1541.7609642675634,35.40092727108312,171.97643510008226
47.56699028339011,92.3420113688585,0,medium,1968.065812050759,9.815631274911027,118.44436058895283
29.98970294236572,69.58757350787708,0,medium,1066.5647279142229,4.816290094990004,103.12036860367766
20.787883060031454,28.104621590764793,1,medium,1648.3180074520956,-2.8265271490989976,43.62735415982363
40.385365426326516,42.01832019498113,1,medium,1074.1054225748671,-2.427723903232134,113.07773680466734
94.86187335212672,88.32587636595959,0,medium,1375.4689284665003,11.638574217090945,298.9521115654006
39.088263881867974,27.61308594903002,0,medium,1803.8145451934467,19.783991208076475,91.22178411225636
56.691155956902946,105.12069140487687,1,medium,1433.4722327556344,-5.9692297415199125,76.77648573351209
73.27170630056601,69.51465270139744,1,low,1997.1823539029504,36.978429451258286,251.80385528682214
42.726664214136456,68.0586577326648,0,high,1559.059284946602,27.756680872259793,164.34515617172198
97.46038744488646,79.24077846595176,1,medium,1321.1621526359536,19.331195914183134,298.96156528507265
96.62025654479001,102.46809659251491,1,medium,1220.1113259047531,31.42193354694954,164.5974987368702
32.66040662428277,54.780920790219305,1,high,1350.5205342861618,-5.990662159394335,71.72017859047972
54.75236553031469,87.80161525590636,1,low,1372.5332737595509,13.841943886656221,137.85557168858787
37.07904788350927,76.5731963995791,0,high,1068.713677723961,21.50465634308317,134.52952382403885
35.63564449397208,46.70282701694213,1,high,1369.5741994267732,31.432645305914463,99.75227810332942
13.319825261907951,107.8629986355158,1,medium,1464.238519739225,29.173478002463384,27.88610797996331
64.86079005819072,99.74260216069281,0,high,1722.7377522388047,3.853462485669981,107.03431298448899
55.24111209059753,85.84518346584255,0,high,1656.729484721608,37.04400847796021,154.54809135671235
14.633087612499041,105.05817290942419,1,medium,1708.7656552291542,-3.7827079284564826,38.28744952030537
35.07818178129503,106.72942009598023,1,medium,1008.3636818768571,33.75668093105761,50.56396393146964
91.74392973699884,90.83629767150347,1,medium,1217.667399580536,38.547012480230926,221.98170901183758
31.560570160027517,103.7013328363672,1,medium,1661.6842883998565,-1.1423238388687214,46.2780686449702
23.04053848821008,89.74714616692836,0,high,1483.989368179747,26.103303210189267,45.38663140977255
54.05074842498067,88.01407717603004,0,high,1005.313475668346,-7.985724061100077,153.1427907924371
98.70854086995406,81.86113782151844,0,low,1804.4946424318223,10.271141256957748,356.6060954316718
31.784974436035036,95.27166395576413,1,low,1772.8095732903375,15.814164959883701,81.85257308898369
70.49219926652907,35.86051052930737,1,high,1548.4191629935626,19.032261295481703,163.87930034957188
78.54576537958458,108.08707591989284,1,low,1066.463325776272,36.79686241242798,91.34191460035707
31.38737895931597,107.1843527745232,1,high,1766.5150495325847,23.61253436470973,49.82720816298586
75.53947137506736,22.924728303455915,0,low,1583.713587731364,14.063897560961848,200.5267832873429
43.10048194473279,102.58167505647627,0,medium,1781.9599771579592,30.483751813294468,95.97777123257138
66.90752475342215,32.88698674734452,1,low,1751.7469923958404,37.526641047720446,185.42363047240048
67.01767396848052,53.51188542591419,0,medium,1803.002071957837,-8.896692565885457,214.0305927142003
58.21972156672826,94.35082562916078,1,medium,1518.008066404625,39.126063612801936,133.19284146163682
18.12607930489675,36.07598960483082,1,medium,1140.324518193515,-5.6933930468159835,42.31501916417546
85.17722460303142,101.79670241190622,0,medium,1671.1574733796888,30.71933896343807,175.00007576695847
38.870205847456226,103.21341779577419,1,low,1620.4737850519705,4.016737627570624,66.6950693321804
26.786665935986882,70.74677337608362,1,high,1742.2531871990873,-3.391017112306413,55.32181140161867
13.669762739928753,20.63858717168336,0,medium,1169.8810060507353,11.992781985691746,32.84102941496776
63.18036488694176,48.70381331749128,1,low,1194.9751999002892,22.197828972380677,257.7103380570232
70.98079256580542,81.69269183757422,1,medium,1890.4095172193283,9.04759225117375,202.74899253846385
11.492904603507053,118.11861780274235,0,low,1749.9777984520708,-7.271729585865052,10.0
56.088375246935286,83.18135270166684,1,low,1908.228488700323,19.97305698293583,188.28090236875224
30.384619767814417,45.98035810641598,0,low,1758.7153211639206,35.120163805533736,121.45957723194296
68.06555113685049,83.40057030996113,1,high,1597.1553059903017,9.160768297362583,169.94384730151663
25.69297861044923,73.99853797158555,0,low,1654.1327370278736,0.8166388815413512,88.98263774784593
72.18439642922193,97.98453951511436,0,low,1889.12792394001,12.12886729664077,185.9627633431464
44.806181167048365,30.69806388269584,0,high,1578.8067545119407,-7.581864447560957,119.06012340081051
94.30569898630611,96.1027902502028,1,high,1632.3913243283873,31.024379224013742,166.0622809683988
22.376884973139394,74.12665786761103,0,low,1156.4767160036006,31.317040547509336,107.13297428296602
40.695971594523265,116.29920038589947,0,high,1473.9212201161026,19.400023171481422,16.586830894729186
20.212616911653015,54.187216603868606,0,medium,1716.397111958099,7.655144446919476,67.09865209455563
93.22242564507064,83.26218931339481,0,medium,1270.9426983163653,29.989168222289166,322.6610087658661
88.9605418042883,113.20281055100175,0,high,1202.2541805245348,17.73435123941836,66.30980356721727
33.21474649436401,30.250972799067924,1,high,1313.8268082244156,31.29661542750081,81.69112445511139
69.39856414307611,113.72284872364511,1,low,1241.5006279928334,21.57293962915103,50.28946674522289
83.54999801810942,88.78857223008133,1,high,1214.9126370363958,29.22027366063986,192.5508222020231
59.96807304395161,26.78370591051719,1,low,1424.850842868087,19.928149660888,164.76514495468078
57.66855205204058,50.096356694681624,1,medium,1907.8385138835342,10.70705341078331,183.79025167254773
31.76670618104065,90.81720886452815,1,high,1507.0596467387184,37.89729299630688,46.452902288442665
18.379249102530927,26.73506014687717,1,low,1187.920380815323,17.05569124394224,37.90707607426926
90.74941821579941,78.21704601762733,0,low,1076.9716693808741,20.25447592702692,390.08846693231163
91.03762514469975,54.588305695295674,1,medium,1696.1561451379253,1.024381970737462,282.1756073962139
66.97913115459411,82.0915517767477,0,high,1382.798764436388,21.282539471363823,203.7502218309634
40.51268119438306,24.574203381251287,0,medium,1821.8309465853592,18.580382474147193,90.40537149892337
41.428861715139476,107.15368061523763,1,low,1659.51076864077,-0.7580801026487531,44.17301632043383
75.33601109832155,117.3488969177397,0,low,1796.2414505413685,-7.020645132342814,10.0
90.73992339573194,116.88778552856915,0,high,1271.946039418449,20.217965985738555,32.46919297190741
89.83777818386056,94.96518317429248,0,low,1692.3589224610582,28.18461346751603,248.94294784620044
80.18879912718614,33.0086240130632,0,high,1264.0619846937188,16.17006854610041,220.6323016638918
67.78284815388591,95.82631959290225,1,medium,1939.0684794502918,1.3386312659822845,134.1917290758123
17.572596849554394,22.45869164588015,1,high,1636.3742815333744,23.326098834651745,35.63194236801885
24.54658426851524,22.212355152899725,1,high,1324.5118001753422,-5.9947136695198875,62.01461132594477
90.86987696743714,52.36102191495412,1,low,1269.5118622922728,12.091685240097732,321.09568083573333
64.57861536936309,68.86431904046657,1,low,1190.9265850716436,-1.8316620800789902,236.65934049007248
10.827734645496669,97.04074178077931,1,high,1694.6409588937277,-0.7770474470058311,28.288293370770504
19.132438857942887,88.32953766065052,1,low,1218.7156129979273,0.11469745791018227,45.53428352156374
69.71515921972502,64.59027063767483,1,low,1595.303265927489,9.335352852198895,254.21084133300897
10.455542546159682,47.362666628166586,1,low,1264.6350269253574,-7.442489718980118,29.98061711994507
24.472724627574877,119.71245001577111,1,high,1661.9689447938686,9.889672046454908,10.0
59.38604104299275,62.6181302235973,0,low,1814.9397285405394,15.585372355735043,271.6083025616073
72.27056779234239,65.13870243296755,1,high,1778.0252431446531,14.164714248316262,216.4839392200008
68.67651335523405,36.36238211916692,0,low,1760.8513309307818,9.139205020152026,250.4801999886698
30.18423785145038,99.48095487499293,0,medium,1187.722405692252,31.957330403537625,63.07103628281162
74.09612992127823,89.36822257814886,0,low,1088.3849469845186,-2.733665378974795,221.9764190702452
31.352417874712007,42.07696127887604,0,low,1698.9488284873855,15.2848371890687,122.31615276193061
39.285972834334096,28.23810456158427,1,high,1368.3472137943513,-6.897929152172285,89.96170481564954
77.18422646062217,88.0499302074713,0,high,1432.3462264033474,-6.442216056104513,179.77274758695168
68.46696091424931,85.45112142811352,1,low,1031.149092793391,18.693292483854815,209.76841966863563
86.43010694447601,47.32595269982093,1,medium,1259.576449275049,18.30092124439105,288.11562106734533
69.18516030703091,115.08635622504103,0,low,1033.676403874464,33.90167564222285,37.774527961064955
61.147774300192445,35.10578917809002,1,low,1879.1857726012477,17.89368378300366,179.21715100484542
18.430729104528325,63.23348010426019,0,medium,1243.3966832185306,37.98955102024251,66.01760454589383
43.09442227534902,114.36159201675989,0,high,1557.337169573008,-7.565257580003512,10.973411478559271
33.86821309135529,61.97273169261223,1,low,1038.9793206611305,-5.099615760962947,110.25044638020765
31.95906790411752,83.85259476640856,1,high,1666.8473913056582,-7.79670692148093,79.40440909096534
97.57094992772011,59.75943979627943,0,high,1323.0273457540939,-0.736157483322998,312.84216865599365
45.378795220008435,47.421520234867,1,medium,1897.9191869576657,17.063505547083906,127.70243959425622
90.2841899659402,118.39776479598282,1,medium,1888.118188934036,22.2786090713714,10.0
66.80247633975367,60.9334006315043,1,high,1325.2906183617479,-7.72074210256656,191.14131710127276
81.53301731874836,109.40992036791344,0,low,1900.9608956904679,37.298544492279966,105.00806387899904
55.23733837946729,42.99546058910862,0,high,1996.1576734987789,32.10826883251905,163.62269024137868
61.92134961637232,41.31047040250833,1,low,1825.415664123948,4.830624107854657,196.976692621978
54.32659244369775,23.113408288451136,1,low,1844.871347755229,-6.140623488676602,95.62733424714648
27.571868901824004,85.1666825375885,1,medium,1249.00873610909,-1.5056463390471357,77.63200699950532
75.02069037353547,56.852634372376116,1,low,1576.7023988577562,-3.6527793122513668,261.59969262591756
35.26951261967702,106.4358249839637,1,low,1067.2559139673679,-3.8358110350526573,46.26223277922299
12.188436978830845,67.32099066915572,0,high,1094.9179368216696,15.928084433286696,53.72862138967612
68.09250663164511,116.81934279147217,1,medium,1998.8926120332906,2.292372124670015,10.457416725196788
25.939961146634403,38.55255157031212,0,low,1326.639249425911,7.906985826457223,109.28847284486005
94.64127259176229,106.86231679556109,1,low,1748.1839120488464,39.475266669216126,129.56694352041427
95.85357193023286,97.65968527917417,0,medium,1806.6650530268166,24.21571244626724,223.20773652879393
92.33779511984037,97.0921844644052,1,high,1858.0232710072291,37.44903335235007,158.30991434844233
43.31428302299,104.47832281168877,0,medium,1997.6282974021565,-2.8721722483442207,68.33808096850719
11.391095487598069,96.10239909429988,1,medium,1241.4964852568678,9.106973741628465,36.54158577471326
93.54867063289528,82.62203216314154,0,low,1040.3508268596997,17.736590164117715,358.0559693371017
48.53657334855829,33.12448776823876,0,low,1411.1915179945859,-6.162096905563099,149.6220296146267
96.99893371393026,23.25261794912519,0,high,1130.080669828947,-9.790627818602108,207.31220001128028
96.72579793803276,112.08478478156869,0,low,1022.4258891620551,23.521716689845874,103.16657331313807
86.7708509920624,81.6650314520738,0,low,1360.4268271414862,22.090975840071764,348.8573183472852
36.50040028626271,99.65372909761763,0,medium,1783.7382510752363,10.53944049998059,95.58685185729095
44.658795574173276,68.15223515125501,1,low,1566.1806912250709,14.482203801601631,159.22444690228545
86.60230043651713,31.730818896239448,0,high,1312.777989210354,10.772150029604479,243.3364883513289
38.522980464064986,32.51857922025504,1,medium,1654.3420054927196,-8.799747757755558,80.23134206101697
25.254347201748324,88.55652872289714,1,high,1232.0181803088108,6.768580310873123,65.16830479811361
60.11211362125152,63.030589489946266,1,medium,1014.381446072085,-1.145887230135509,197.06067736057062
94.25392967447029,40.05247267003367,1,low,1764.3533864364274,-5.078790544931563,288.15078757703924
72.64268170074757,69.15945467414369,1,medium,1623.7430848640092,37.83602169446749,218.49237261032297
61.30550530804285,26.420893707513407,0,medium,1762.30262450096,19.967986252108282,150.90704046382103
18.74588443936917,78.19714019143987,0,low,1038.9380166876656,26.432814211830134,81.95258595947963
65.35065040292528,46.89934044350977,0,low,1837.1196278306522,5.768187163305875,237.54512980444647
99.10484650938369,99.75591006371882,1,high,1619.5262000363032,9.657356474700759,158.60729123918716
22.60756137128716,51.03619589235738,0,high,1563.3953507126403,1.846199694836173,82.89260980804355
56.64966871273631,65.52201490818013,0,low,1624.6140481145317,-5.151716451728763,227.3648140768612
88.96357647351599,21.162053990810065,0,low,1864.4332468683642,-1.0484181279208098,227.3217842317985
76.6691755978784,27.24468877945589,0,low,1586.936506558907,29.87570226482429,241.52314234971914
72.73141668957412,59.24935564066848,0,medium,1580.9503798881792,23.87729025918879,281.84468870705865
73.22356755883983,67.99388347171235,1,medium,1990.6791570657658,17.346443799273846,237.22934186518177
42.35420360977797,80.00205481193038,0,medium,1756.7301670685679,13.754493643338403,145.64406525285912
36.4232659838044,49.16625787093032,1,low,1442.2938054511353,36.12171418280622,110.74876801315907
82.84250399306623,89.49818861265426,1,high,1707.3970000329277,-6.36325261106658,160.1736251909794
82.91020552112627,106.01223971892045,1,low,1389.2304716917884,4.030040661895798,117.58028850868217
88.03650867220934,97.98509888933498,1,medium,1228.875462483499,7.496892678535701,155.27184518280998
92.19164973008242,23.961882534835716,1,medium,1596.8518768877593,29.12129061063939,194.6854648560356
56.020815897484404,68.0506947257829,0,low,1928.1820981139515,39.62573100809857,219.11868660960155
55.136466521847964,30.493017841817487,0,low,1929.1395200154627,2.0335257378576532,152.86523812464753
81.84656610700976,44.204501586252746,0,medium,1341.9052781054902,33.71536670685403,298.69571006844825
68.49675376999886,118.66625932671465,1,medium,1527.6774662216949,31.531138021589562,17.029011956983737
73.17701895319331,34.24955429015132,0,medium,1211.6358985698612,1.2328698820883304,230.19844196293735
81.6213402492491,69.88881534513561,0,low,1995.6311094988835,9.966629009961128,328.4051193879336
90.10048076358096,81.81557343181191,1,medium,1981.1179078679356,10.483643464625956,256.530114387691
40.41956411663823,90.2464970544104,1,medium,1649.5089297074474,38.91103342632792,101.77960626117165
43.802465737594964,75.96486834869141,1,high,1804.4140596774732,-0.9554049310550834,114.86462870603594
18.45837458567821,20.977084741918365,1,low,1715.1001612837,29.957898555239105,30.308617032077905
62.045212689655656,52.64613082439919,0,high,1593.1582190394683,6.709635708655497,209.78376362712925
13.234804641706788,71.77116433847115,1,high,1053.3479969888976,26.54351728880802,51.00450347510809
51.90382163192142,28.786649914483334,1,medium,1454.764342552661,11.000550214783143,120.04401879904982
58.838017123681894,55.06269312091808,0,low,1674.7863021674107,18.917988155827,279.768350422047
35.7887126915456,23.320310879136656,0,medium,1677.5316138836847,31.630588666306558,80.27162232266164
63.174993451210966,27.857849715502073,1,low,1373.1226184223835,30.20827824919421,166.98441772630937
12.745022494514448,59.69232762015961,0,high,1941.6919866580306,33.321159176985006,35.43224681634908
13.361336987429297,33.271575404306034,1,low,1167.357032236781,-7.019133732767049,39.58068104223076
84.03405045936924,76.75408482615582,1,medium,1500.3594462155606,24.602527651987245,244.39186658889918
42.41715772701366,88.94649691372658,0,medium,1690.8839765508228,-3.000631163911857,112.6956559117318
21.435446138669633,100.05866991090829,0,medium,1697.1358058918092,10.79092840092055,34.81376927149809
57.001893404932396,40.01502442448101,1,low,1648.6389567688157,17.429420752734423,191.30196295036907
79.29941977887498,36.74825822590698,1,high,1275.2882134518602,10.136974237341537,210.99067412397827
29.423892474715885,30.456784033440023,1,high,1156.206568686622,15.980583790150373,75.10967366619663
66.06014282371002,83.64302495436367,0,low,1635.9403268267108,39.82631543993096,205.3853831492296
17.68127184943912,90.64757264869012,1,medium,1599.3021161394377,-3.2391343143572637,60.955549164359084
14.651354905174692,23.158614482564204,1,high,1179.3560102892409,23.77280226682128,31.049288695734624
57.82191684113332,113.62122462436898,1,medium,1705.1391455705634,9.800048319280762,30.14813434442714
58.657160944909585,25.197128365147243,1,low,1455.1719917336563,-3.349510054633561,136.94524144641315
67.3686911348386,74.12963353010704,1,medium,1667.760591603153,-2.063161831284523,199.25121151593487
75.34822003503955,90.90605194509165,0,high,1837.3670797701507,37.46365531228084,174.52391760454108
97.82668715162812,107.09691237460856,1,high,1169.728428576923,33.9800748355881,112.84918468253427
56.46703134710758,91.40869321324278,1,medium,1019.1448679968366,35.35209802075109,130.625198383994
39.06608256471213,100.17280830697918,1,low,1779.1025863957868,39.57663879136933,70.52727977679959
81.56675752918333,53.94501925428061,1,medium,1609.6974251526158,0.4157695004258972,247.42530054951365
34.374902613586684,101.48251137465122,0,low,1699.6395696221216,7.771966868203087,61.448376346639954
49.507427863507246,28.011484638467515,0,medium,1838.1549749886426,23.460951496243332,139.7945181144853
17.061074320803936,109.48166560605276,0,high,1802.8109348245005,14.190126993032361,24.655938614275286
12.281566907391177,74.75923761537362,1,low,1960.9201469288246,10.919476668916676,46.37330409706179
96.63835732101326,101.72977699624937,1,low,1535.9350788521183,7.890562466779652,189.36076913794014
85.23821084609853,65.23182845183001,0,low,1488.4956326599054,19.68903159717261,383.71701866648783
72.63767854843282,84.35776951965249,0,high,1401.88719989073,18.7796714320041,213.42785480272315
46.80576499728429,72.64026609361133,0,medium,1153.6910428442045,-1.9271082967879956,177.47377701735132
25.596488806376122,93.15895217553319,1,high,1572.6072328820223,13.586991875921953,39.17576015074211
24.079333840397744,28.162998203058958,1,low,1277.0125243259788,17.673588810492493,57.523406739842
32.52186083481358,26.03520839905638,0,medium,1921.3075122129753,18.514346936569524,76.83346236918312
59.43039982355084,44.71032340101465,0,high,1583.1908042770974,0.50535964561759,194.23361163471878
74.31363304300561,35.95446801131884,0,low,1592.8401805081103,27.11356961261434,280.45509641197646
69.41776390459582,107.17835665922017,1,low,1354.92466087701,-8.740045258946518,95.44492227372925
35.19405072513486,41.92139873580443,1,high,1051.9893519777074,7.741592777158132,106.61572674532978
95.93787525968747,117.58652558191314,1,high,1031.7437653729887,29.010632426781676,14.211908055387271
76.41072250261917,53.68957917711069,0,high,1423.3351441531975,18.194646052770118,274.93761766752056
59.891864726026064,38.21179156886993,0,low,1084.565378097238,3.058121625543013,222.9064869658525
65.05486716109169,98.96985071424791,1,high,1606.846955540139,24.747655967152383,120.57060979217057
47.764005618501095,85.87077755008761,0,low,1880.9730056396575,18.36954720780367,168.26908859904245
32.29578905510417,69.8195716453139,1,high,1882.914816518722,29.812180472819357,86.1950024055486
42.03754107861354,75.53635509376312,0,low,1659.0454101322325,26.751259309491168,175.3075961488389
78.20614994179321,91.92017782722638,0,low,1211.231831472931,20.505396101811733,265.421882530767
11.295413976678027,42.84547413312987,0,medium,1862.996831358872,14.4088837655407,33.3901999629711
20.446537645622463,119.63339160567419,0,high,1886.0934353132081,-3.34089371662383,10.0
14.140237781957747,117.4793162146783,1,high,1196.6535849529587,3.0666508942691877,10.0
13.665592208707313,85.03256863469369,0,low,1737.4260857706772,10.954973645854263,23.19799381585753
86.99145256099065,39.95424509291451,1,low,1286.519548927123,19.964964350319434,301.7711740376656
73.32920734420213,88.02282424312914,1,low,1802.6403123529296,15.68539276076524,217.2573534311034
52.67564461785927,27.219840897917585,1,medium,1997.2378999036027,4.409226297976474,117.9437285204207
18.805074458590134,23.065250220580605,0,medium,1030.0260053293928,-9.676782110514473,23.49600432857848
54.24542876051491,45.76828885112137,1,low,1897.3658657909318,14.811961095040697,183.1633429019987
52.61245937025091,66.26229567393163,1,high,1622.630533598658,4.281299428112154,125.82466939727438
25.58816829190137,106.82725054083805,1,high,1973.382619164821,26.730415035526754,42.539826515841476
49.04664843141757,92.7169069766308,0,medium,1465.0095175264275,-8.802686736475826,112.92391642162482
45.86542609576361,94.2706521199981,0,medium,1847.3879305713738,19.241390565289542,134.43817540880823
65.42650882469948,62.54933344480754,1,low,1062.3940685982773,37.07371187530327,248.9929531339773
67.15842857808795,54.59349925469629,0,high,1335.2790500782958,-1.2795366444250238,212.79869720911105
14.077360879484006,57.10387629846027,1,low,1067.0165377512099,13.58247453752977,42.52445767560482
43.71513531638241,118.76495637360578,1,medium,1975.3431334790705,-5.4289004091430915,10.0
66.32739241428128,24.010919141248248,0,high,1816.9739072718367,21.28409561306763,140.42820420487377
55.28226327220789,106.70314961224486,1,high,1852.5474212459703,17.52658402981128,65.48382851935227
87.08408570694901,77.86754085723933,0,medium,1937.9652314338941,10.368276210641618,295.1795139849168
69.28242684570506,63.86154191895905,0,low,1085.1034861197854,16.06885107368706,296.2385421187649
24.664098437328672,92.52576604151365,1,low,1385.5975925133334,34.82873292345051,40.83849799721396
16.351187266038686,68.66689414247028,0,high,1071.034889044002,-0.1852848844466486,56.76447058834496
67.8177350385684,107.34232380816606,0,medium,1210.7931015500285,-8.871774414732638,87.84288865728632
12.386017948745963,110.07018640112585,1,high,1229.3657770376724,33.083244234955046,10.0
62.7198023146117,62.17209268734554,1,medium,1469.1072110475786,18.855854119395325,222.04380589915098
94.62072172824618,47.682779723505156,0,low,1268.5621674536426,34.53292277309212,401.80158116104235
61.792676008829105,79.23503285933623,0,medium,1100.978106817761,19.84726117065863,227.6468889604721
44.935293358586975,111.2363345616691,1,low,1167.4910890941078,30.50805449798512,42.16850627545384
67.89593965981179,41.06621890056665,0,medium,1147.275563552091,11.483668167757397,249.7870505185602
51.2427601442365,82.29665835634827,0,high,1973.0767979122984,27.49299656441344,135.7999000921952
59.105511038434145,83.15602200925206,0,low,1759.2925069184735,35.6520733444928,210.75089165034177
94.73183278988726,93.3113022415281,0,high,1967.761465269562,18.606148186110314,232.80381458706506
44.74923740206968,33.15676851272598,0,high,1439.7404865079086,-0.9607424718810229,125.32592723714794
96.50715074415228,91.58249646820886,0,low,1278.3684816626567,3.439880751509909,278.12283263310104
91.48155777604573,110.9032520665641,0,low,1798.2931972091867,-0.06777115512971044,96.38094108013189
27.62120213103668,37.968310887024195,1,high,1326.2539180411468,2.342851379786646,59.96461143916229
16.24251707876489,43.75433249238776,1,high,1299.3833737053483,5.320772467551819,44.932662078854094
19.070020123968398,117.13950940416396,1,high,1232.5059922078312,17.756689337659424,10.286125128737604
11.639964308639476,38.097695270948975,1,high,1129.6789782242354,19.39958147319164,46.5253453246769
18.499866468033556,105.4385093369579,1,low,1256.463061016766,11.324987362093058,24.65495884310634
71.47060960747211,69.22778564480348,0,low,1355.3197484738876,20.77103899104177,311.0856262182661
16.40697836142061,44.723107440317705,0,high,1673.9942081457305,-5.921253719431704,60.431295494724466
38.70780672643852,107.07499012725114,0,medium,1062.5648422194515,-5.610588147092002,58.63513237368863
86.03877798725091,64.53052550026655,0,medium,1210.506939665343,-1.4085269821170776,335.5912433805952
12.094474216224327,71.48173539296903,1,low,1809.0236402916764,15.903874902017236,45.82124942884173
83.30216343300422,55.92333693997657,0,high,1146.9219235837709,0.6997339349156775,270.3713229350205
35.36692972960599,79.29508514349274,0,high,1342.6451465225216,4.164220174628866,94.71334153671587
20.634834485949064,36.352387258502276,1,low,1864.65892185814,10.015641808649704,46.93417275303525
72.70634488277355,59.10815366517607,0,medium,1154.9253111434427,30.593306200518988,295.02725404561244
66.60485621018955,116.94123223352875,0,medium,1082.7368356181898,-9.306893204356994,36.204501327593064
88.97248121743476,45.81334327011275,1,medium,1484.537995080011,22.46894101183112,305.0975027148965
76.15639394234972,85.67366645412922,0,low,1302.4195112785364,23.443826552034267,288.16825212542045
82.31328373463637,52.51900642246949,0,medium,1563.4083644838543,29.93278901783183,325.44324701260354
35.38311153141758,97.34731256866006,0,low,1803.804890483475,36.63764695301566,83.39764225442116
25.969558940175055,33.08736607183498,0,low,1137.148488152743,-8.993107552535509,72.95712429040293
77.55532764767725,116.98210450785447,0,high,1580.699084554285,-2.310814724339191,33.30325985626537
82.61512653405376,65.37895413836392,1,medium,1505.508760389864,34.30856470279965,270.04921569758665
99.1454627800606,43.605046334646396,1,low,1144.0787860131995,12.925928109350767,350.15180570738545
47.135590922028385,27.349674733001265,1,medium,1623.9984855289824,18.229531946673177,116.34144044638889
43.481627721350485,36.97579050875407,1,medium,1273.6404178607718,23.15136018615737,131.16851551648858
79.87716646677971,71.97739485560177,1,high,1487.8343185440126,23.953330224781872,243.99832968839323
40.672318622771606,53.70031764312863,1,medium,1082.272324277062,36.58702016582541,145.83388484060856
93.76815930432082,102.88833658826094,0,high,1459.584057213623,39.847470870583486,157.8327746030106
87.25714766587106,63.08875236618059,1,low,1306.4634680428203,26.00787304654701,337.52433482084047
48.609462463751655,44.87142725876299,1,medium,1822.3812111853545,4.361060460257541,148.88043981853497
77.57839610123476,81.714498660403,0,low,1056.9787269973683,33.98762011471718,290.2511498276598
77.90885866762142,90.67772168854458,0,medium,1418.60727491833,-7.53895427296192,216.06361720616727
19.281148195233936,36.704190790094984,1,low,1458.431424131438,1.5540426437248094,44.227165742008836
91.229761601161,36.761921628831765,0,medium,1725.0060762991188,34.869285873185746,301.48647523114505
55.472713520307146,23.667142693354297,1,medium,1574.287575090211,2.8095757219677466,100.12126099603975
84.38117194969675,93.64020150656405,0,medium,1667.2123371941811,1.0325529810874237,216.98294122308445
38.804464092755055,86.38045276218051,1,medium,1777.0492856517562,-3.093735342987638,87.54830980085552
90.59709056465805,67.46308757498139,0,medium,1862.2029736581887,32.955587882345824,339.7841146304891
45.02815108607468,104.41704489691972,0,medium,1313.8754967224704,15.002912959554337,81.44031175551204
10.975388633226853,100.56701529500532,1,medium,1538.0227053639028,23.744660152707738,10.0
91.48437787773373,78.53543643967521,1,medium,1840.1080784391997,1.9533192037514837,262.52890426180676
18.21580091075202,106.82712805132586,1,medium,1989.4511309650566,27.902021050560826,17.18362582762559
38.73822738313734,40.58412100367683,1,low,1889.519311043763,28.000277248104922,133.8892803261902
95.50557703457244,31.19196193977279,1,high,1371.4672626243769,5.629901245415006,213.779226737431
95.55464322438004,46.97496115169896,0,medium,1195.1665172186504,10.53413165051414,365.96089970970144
61.60940993109575,25.708685608931486,1,high,1489.3925374065886,0.48451387151004255,107.54302283149609
66.86534909528194,73.1169528001032,1,medium,1741.6414518360423,38.828051166145215,193.5173524004127
50.36009697804878,113.66056922949615,0,medium,1492.5690707532976,22.280128852920583,35.88379041008968
36.388969452825805,23.934354066850965,0,low,1483.1808633136684,36.727194035775774,106.26383490549568
39.57980908329243,32.21099140100268,1,low,1838.2304210818006,5.169277181456659,126.11465386557866
70.52666104693346,65.21990282834352,0,high,1361.4037790671864,29.094545649844484,236.9997118117003
77.7137076493912,113.38750175279048,0,low,1859.7946748116456,28.292932194237103,79.4980549029426
81.24211393532637,51.61561049767505,1,low,1406.8048009517236,24.582782593327074,279.2593223442576
81.06563285150985,70.72348086883925,0,high,1328.2331056783394,38.28194876334002,252.91128373776502
18.208549274382133,24.15728590503921,0,low,1453.989911199699,9.677766805315777,41.08916114706315
54.49782742323233,34.834320096208884,1,medium,1762.4469586748685,-3.464133820512135,124.11777004146154
15.180288401497986,118.66301229588468,1,high,1126.0020278639943,23.58544296220304,10.0
59.4575994091362,116.51186964360456,0,high,1196.4192158720175,26.465490023860312,28.145539989636212
49.73774512360393,20.49399809344096,0,medium,1951.444825663092,18.753028672940733,107.98068096178397
89.89337644824698,115.18117854232389,1,low,1175.4916273813574,0.3408946566698141,53.69460228164557
41.58235112968708,83.91199378155004,0,high,1567.7273179310546,15.222797083467768,129.8612167712028
20.536031478484528,106.79182945200222,0,high,1579.3144666619378,5.60948682845647,29.811025602381502
22.869251384755227,65.47398556338591,0,medium,1489.6244620502448,11.373326408334453,95.31909164358376
78.5359568545725,71.55960285792503,1,medium,1644.7452485768185,22.260928792233194,254.7858760327398
65.6396256984635,68.88465802569202,0,low,1229.8267257976183,27.260737134541728,273.69351102392596
19.101040851051124,86.68642575461044,0,high,1552.6622677767482,1.6112345450671555,61.50203073235376
17.569612550349767,33.96512547563129,1,low,1372.173255246897,10.266268032347668,46.982243936005275
73.08722183132079,22.997358987267795,0,low,1661.6672596291892,3.45807854958146,178.91170138469724
16.548670572777418,50.79299415911909,0,medium,1141.2235433731494,-0.06841930690654507,59.85100812870068
83.96740533613206,90.46807627366466,1,high,1570.8774168394762,29.16936099979192,173.6951752983871
73.56180044408467,40.185345212294834,1,high,1185.2703553833237,35.46263472184962,187.9187796246695
17.32139025777098,87.34324333249174,1,high,1278.6430631150365,8.511609284228836,44.09757035030078
17.635394267667273,116.99120461072704,1,medium,1218.7098003235833,27.563946218688343,10.0
98.7975620651058,29.39007157894184,0,medium,1182.837779868817,34.849764468220556,275.31566647530053
43.68437161805083,87.26021182251263,0,medium,1825.7109515606671,32.30621052651158,125.71428672349575
43.357793236020186,64.37502193045711,1,medium,1285.7075676608904,-0.8593305730387044,148.76539806211173
83.15196105317523,106.81422543775054,1,medium,1927.1237818644495,37.81459407566807,106.01197577675232
95.25237196454728,37.71497894473859,0,high,1969.9265253451908,8.833822021473125,294.3044962017427
98.74009574405838,89.26259522261645,1,low,1571.2604699370972,6.962033058691816,283.33879019281653
77.80403667330475,103.81152896481102,0,high,1143.0011226657264,-6.878433636110984,130.91604505970193
43.86336269778242,114.46142194740233,1,low,1374.5482433795812,14.308682705244149,15.235474732035788
17.51506450288019,88.32480282896458,0,medium,1797.732263348214,-4.549319217953565,56.36573858536826
79.94322243346932,69.71747640084273,1,low,1367.3907286970705,2.426991046371299,278.748024269184
60.256382476222456,81.78472402012139,1,high,1087.0172183027887,5.847131088364069,149.66355364002504
48.17998083222786,106.89049844787182,0,high,1556.7849109281879,30.441316174584202,66.12921566275232
91.57189465852623,77.06097466388297,1,low,1845.120851496035,33.77443251979483,306.6568291402558
20.00777340755362,23.038705969683686,0,medium,1795.9263871435023,5.123315873073484,51.36473346241798
54.336259386177325,113.09486955069778,0,medium,1175.1231401303532,32.93490606222869,37.46298861567216
11.021828029067716,88.95267510315611,0,high,1672.7646144124667,32.861546868489555,35.96549329942006
52.17945777947136,87.65133857772466,0,low,1220.504263435647,28.232547519243674,175.80384460949247
15.067294811365361,41.567515239771716,0,medium,1218.2075345521723,-2.665244299240923,53.36409058972173
20.693612464126474,85.88854702326572,1,medium,1874.0717733051852,24.51614234503645,52.474852619091976
20.577362209939437,59.386440565415846,1,high,1249.6689527402302,37.25120322902844,57.40514856014948
68.42892719044572,85.12329770414921,0,medium,1263.2473465180112,24.12702393835785,235.98458521367587
77.1440391338881,30.659303030799073,1,low,1000.6533907612995,6.580842455391696,209.13349491890585
62.503188858744366,85.7845304603036,0,high,1870.6690341255176,15.028965871541565,194.81750112726886
96.59552936270877,119.94137257706666,1,high,1792.5948132091348,22.286252167552682,10.0
43.73835215713336,24.821203886055603,1,low,1627.328935090678,15.528520436425179,100.93227135092069
35.714087765367466,117.71741842213173,1,high,1750.2657639388422,-4.002352913451509,10.952859520916958
88.17392153705143,60.690796072287064,1,medium,1152.048567424492,5.603202232601031,298.49876334198575
30.123625466750738,107.07534503372591,0,medium,1458.3235945875754,30.119801527681624,44.121319314027154
96.69002854965501,98.23854840582734,0,low,1351.2193873487809,33.07090230477587,246.72734124096928
11.09390272208347,76.70162609866678,1,medium,1093.7765262570165,-3.134998364221488,36.9425699897801
97.28909440368751,93.84492092513266,1,low,1486.1304852149242,37.61933761993623,233.7486864203488
13.884392075551851,107.8515561301348,0,low,1920.7396503426353,6.441130892430465,34.834936768279064
90.2028802328264,60.4140321651033,1,medium,1040.0591190506946,23.115686936536,324.43471180263555
57.49309981776699,52.70331615632387,0,low,1291.460913493794,27.591257297834055,259.31715750887423
99.36683165073703,86.75933855635847,0,medium,1207.5409362057035,30.597311731894173,305.0806036369949
16.641690826185897,100.78459419412586,0,high,1238.1466536656962,37.287485111296505,29.729796978113942
59.846885596118874,96.22851347766158,1,high,1908.4345518793752,5.6459774014411295,103.69210463206488
97.2372282057189,99.78136488586345,0,low,1468.0690542342902,32.92532272757772,222.97435948576168
57.078805975313394,63.5583314812933,1,medium,1466.299412939819,-3.4156548281896484,181.4636489979307
66.64587743217362,101.78342161750216,0,medium,1760.5756424552824,25.252045317679638,128.35635908115432
72.61738200861555,32.02090553706084,1,high,1154.4922040049257,27.098886475699295,179.39716446615412
50.90869582909959,74.44890979608496,1,high,1487.265354100051,23.88616206006602,133.8861970807405
66.48022720756572,20.575866049812156,1,medium,1429.9852141210597,2.615736806757649,138.76291706419008
62.58828807307902,52.45858299002703,0,low,1596.910690546656,33.65215735076017,251.4040023223737
91.10422094418901,56.646153487139784,0,high,1999.5577032504386,-1.5570768314802503,291.00127807342426
14.090174230731208,59.61726916092554,1,low,1769.448894082047,-7.318260423958458,55.05999179582952
35.28668706330073,89.54672066898621,1,low,1397.8657030174272,25.873249530595608,94.81209758124442
95.53703356689029,58.85581012703457,1,high,1827.5530522740469,13.773785761636685,287.2609648548884
90.12374055018248,64.86936226225306,0,low,1170.7083633124803,32.454900997933805,378.9261021158218
51.009107750714165,43.754413087432745,0,low,1030.4636863089602,9.169857052912949,224.38944913427568
65.8119338021383,57.325179162934006,0,medium,1204.448372464273,-1.586070574614359,247.97051184412675
34.96430646830194,42.72696272631515,0,low,1340.4115561142596,31.82210962349349,132.97435959060007
26.930904375138518,27.319592376844362,1,medium,1510.58075745956,17.445481582003584,61.50192832314049
51.7328564445984,80.34485933813778,1,high,1615.1291405411998,-0.5402103804822556,135.69292236599057
41.80170052234475,86.82127985550163,0,high,1910.6057172144217,26.01919992932229,108.45417769444808
62.529050066578485,81.94903460096145,0,medium,1509.8540095504577,15.555681924475028,207.8185333899326
16.996117326848633,66.34940438005724,1,high,1501.2756446257295,20.215649112015992,49.16160602026176
97.69553268995499,57.978578017922985,0,low,1050.2430098229822,13.044916910329093,427.9450182090335
98.75896700316426,106.33336495718252,0,low,1034.9115526562239,31.43544919090032,194.70545843662586
72.83455426177707,71.9081785136218,0,low,1551.1599619163721,31.478135784152492,293.7013244186136
58.24867297097084,67.9181877629731,0,high,1438.1786132483444,25.46944109121931,210.68218226801494
37.8574854657695,22.564206580643567,0,low,1839.1803949802986,-4.729931130176887,93.72325726223306
83.24155177362537,54.12478276261564,0,high,1160.679584711845,31.942693095203445,279.16591863497797
71.62580552984913,58.019561878585705,1,low,1024.9716621170496,23.550649026645488,278.26749795726425
24.63552454104022,59.88227808969005,0,medium,1449.038767930126,24.851208300214978,106.00982446515843
91.98344660444582,78.01723692273322,0,high,1237.4785567522574,8.149142020193583,290.13920598833323
84.0283518630852,73.36025467268784,1,high,1049.6143733388374,33.963977807850334,249.58676353355645
95.48199219627317,80.79050927934446,1,low,1724.598286847629,26.268580011742877,318.8333341195967
75.3147557549524,96.48832615421283,1,high,1111.5929999572475,-4.370476673540277,143.65612545522833
65.20736763422109,101.29857387160935,0,high,1608.3195000077717,10.388901720308134,113.32726368906586
47.6418732661557,91.81230762264944,1,medium,1281.0497501668892,34.319018098007085,101.97289775621374
93.94556350186119,115.55236959549347,0,medium,1173.496050355022,-7.6401649151310504,43.22746217668229
87.94575005503675,21.823258267636163,0,low,1379.7515229193175,38.07083098210248,222.22265020088616
14.069680309557047,39.57779856835461,0,medium,1801.4457762229536,23.958128415978138,54.044490286688486
12.37302770475268,20.756287497814213,1,low,1392.0935769045727,21.56879888216883,10.0
43.881703019024464,84.7474714154603,1,low,1750.7696492110558,3.5279628243995695,127.85888868581817
82.94979977036496,109.8030548949987,1,low,1125.4862967991508,2.439589436958853,95.62010936974917
98.854851638345,44.34822965762993,1,high,1772.771419665079,37.102910974429776,255.0739530933919
23.537520199317537,112.70345447963066,1,medium,1236.9333249066485,4.913622711706138,30.609973230900557
63.47176438169216,26.026739028956086,0,low,1677.3931298888729,28.77526483594997,189.24253953838166
44.28017709679194,113.44360268055144,0,medium,1565.7815548409963,9.656089910353959,48.46473554020919
97.29229580331429,55.16226872396344,0,low,1929.1447172116873,-3.037296460764801,381.4298565824442
85.79070308221378,30.142082844921653,0,medium,1387.322517975314,-9.464235115232052,241.70811344349025
85.44958342400241,68.58717591863257,1,medium,1066.1651888344404,17.21286685076254,309.5138481665484
52.18238438154732,45.677656772050796,1,low,1019.1554855512529,38.78894092744663,192.775551707163
47.33375521038987,48.48729019619228,0,high,1826.8585609727531,8.456809690460226,142.2168320645263
34.60663647376356,50.72899649262865,1,medium,1524.735637661432,7.859616699652243,107.92260222002452
15.073794698583441,100.30258978326634,1,high,1775.2440518349492,7.204580892472105,20.126121886794813
87.82501386295479,73.91612766752544,0,high,1234.4256000115147,16.027191865242923,304.5129532015681
83.16109082170698,51.13076991560037,0,low,1345.0837455132337,12.033244171214676,364.90641868565984
99.97459059575175,81.03337833109184,1,low,1030.103872211319,33.99573133635072,318.16225626104426
99.69731533665149,91.61506742231936,1,low,1961.492324574112,15.276039586174516,262.6238371333227
59.988853504236474,47.262400073353376,0,medium,1667.8679067008134,15.38789190942844,204.97733316519214
79.20886736624594,61.354910152535155,0,low,1933.2050877593063,-3.08142026397217,328.44688473910384
95.02891568941853,32.18860933369476,0,low,1265.4964074290724,39.136977045519295,309.77452698004817
86.46826516096704,38.11493495346803,1,medium,1611.4636112256608,2.4986445434414843,238.77371324831194
32.26132915688779,88.11178539649828,0,medium,1678.4999682926377,-6.331796627019867,87.05316947370626
50.54897217790842,38.143834769562694,0,low,1317.5497002575885,23.157312448760443,208.62488238324474
21.62434736363455,72.51633836670601,1,low,1848.10923501563,19.768318507843635,48.83106325528598
95.86459245328501,90.90462617224327,1,low,1947.161462900248,10.757282699637287,251.53955107468886
64.5557171005792,30.687692309474386,1,low,1884.8551176960043,11.109611694033902,175.59666486853823
30.577852495311646,76.73122196289034,1,high,1739.0669759393727,29.253196052321556,77.23772693229782
70.4530615965271,45.65627837013638,1,high,1277.464679724954,-0.21436799501754678,206.86395108419768
65.63154164121062,116.29268752375798,0,low,1281.6160421056318,31.012665947244486,25.430832495735515
42.23464462295564,68.35456467199248,0,high,1963.3603204460378,22.437355694750906,150.80034964071652
20.220183297966614,100.59925497751581,1,medium,1010.284495935692,10.94848868897622,41.12084191678314
70.44158760335196,75.02265421562618,1,high,1716.0499732421445,12.90143082919343,206.0896334898893
56.827693081341394,24.341253285481915,1,high,1706.2461625552623,2.83236035930479,96.63684210679752
79.50865525620753,83.31513755940223,1,low,1622.6895409497974,27.60571663484874,240.96629143784367
56.814715100079404,115.14033422066571,1,high,1990.108846086866,15.643737115263388,36.64408214868227
86.69633502866861,80.16118201463311,0,high,1311.8794357637253,6.042727137492179,268.9414782100248
59.6716154897037,101.91888594267903,0,high,1339.9718637932483,19.80250578804751,95.59924995889004
60.484417438184764,108.42064633484078,0,high,1078.9394029465554,39.78672260256615,66.4944127316005
88.89882423925106,42.80797719489325,0,medium,1442.7981365437374,11.763113982827694,324.67442970157276
46.31345795911573,41.204483990822666,1,low,1261.0485262348482,36.03457003893098,160.27759587838494
22.061370560557666,81.09809888509918,0,low,1343.386702177644,7.250841996228306,76.63393270431551
12.590440868200508,61.10284698067047,1,medium,1834.5717902556275,-7.263364653750706,10.0
77.9623530106257,103.98613028667204,1,high,1935.484513527496,0.2121053184214432,103.89845453040812
65.82785962181183,110.00231233980112,1,medium,1185.7330720051857,10.934757166384209,55.91245204109928
73.36717912893012,55.34213793027181,0,high,1372.5089315534658,0.9817464297284513,224.44685451271604
29.166774535801967,43.687055897448204,1,medium,1928.6305621153942,-9.988648089087222,51.169034882388694
22.27343280280928,98.05255152438619,0,low,1061.8084606892226,35.75007688737636,65.92076428905153
11.309019910109374,47.48060355481361,0,low,1092.3605281113785,32.19397056154645,48.84521621342618
41.55288029259373,102.26143185136785,1,low,1162.7909892062294,27.114611574347357,77.3001726257131
63.09259181691698,62.37382536487628,1,high,1595.212834126875,-1.609270217698569,188.8718698919605
45.30196405897591,86.75498992914704,1,high,1150.4722710059975,-3.981821189500697,109.11903089540174
49.37274298213561,29.55353138346682,0,medium,1968.0763814507336,-6.619762526380843,144.68496719914054
91.37428250443736,82.3859324676573,1,medium,1446.7145272585203,26.20145943864606,251.06291117583723
41.34299203209703,65.17676787372291,0,low,1501.5179603501665,36.44039803439426,172.15212622599267
56.25905402438297,78.66084631754741,1,high,1246.6586158054065,11.526791045651848,136.60022884528644
80.52877114670288,36.801420774486346,1,medium,1470.9602524347335,-4.042966400197592,211.2214002471795
45.68885040891431,93.68737449441821,0,high,1661.9136326370117,15.61964103660533,106.97630122777394
65.98780302050861,106.27970775432286,0,high,1751.177136954043,7.441595372931506,96.124866412924
87.61273378720706,41.67398000907757,0,low,1753.8680827099129,8.741246217499885,336.0561290897418
95.45685612918778,29.57145555201617,0,low,1577.8911126940884,21.066531207785363,322.2999473450412
23.236613283613416,22.36385860463364,0,high,1904.3597749938572,25.93590566311012,55.23206094609898
93.3928862645345,84.1971500443266,0,high,1817.4078473061095,-4.469820056341957,270.1514602171532
54.29046637715844,80.70940360887808,1,high,1757.0481146986253,-8.220488459676181,124.44091824130251
33.24199494690625,74.669741271407,1,high,1055.6055216804607,39.71651513428574,81.29686838652073
51.322218061443515,43.194709611597546,0,low,1006.8779622196494,1.6364174457775924,206.14236128027653
98.20293177569293,59.09059959055147,1,medium,1212.447277195473,-7.308473754577046,298.8151088355507
54.33562845935826,79.4476335186173,0,low,1663.5235939134523,-0.506233545204001,213.50332292968588
39.587644925875736,69.67668588591694,1,medium,1411.1974888825457,-8.05210768257679,115.70712180493351
67.00607688850532,118.77855202148874,1,high,1402.4062592993118,9.590544730858582,10.0
31.613105690037376,33.64397525567331,0,medium,1884.5868882296136,30.120089222566214,91.89044902382204
16.827699529779753,89.51445540475937,0,low,1895.5628481318386,7.062222487886032,60.17952870176367
21.59917497195843,60.431876810429216,0,low,1909.1752640535856,12.209170343918327,90.01638347171381
21.524125506199518,62.819961492561475,1,high,1313.8780765150273,23.779338678371943,59.11129346194224
23.67124241610649,91.75977656581762,0,low,1691.055812739262,15.444703503494008,90.97220738311128
22.49444553844691,89.24361513243696,1,high,1271.6331812743697,33.07228430106621,41.932861214308076
67.67872703228932,119.12559937021884,0,low,1190.6098330744499,33.301783752287825,10.0
26.369207595923033,32.83942894541252,1,low,1184.6324573473692,-9.504465225442317,78.73976105528922
41.11005549914769,30.410964938416633,1,high,1342.107620863594,28.902315324159957,76.46627959926235
90.71095689154106,92.43388171287411,0,medium,1429.9576197798217,13.036680012083693,258.76774450575067
52.65654762365851,77.83869170064091,1,low,1830.9491710550683,39.442027065183154,155.04186364423515
70.08019646689245,47.416066655980586,1,medium,1119.891093472712,14.161603793771757,239.18863814064014
25.508788408146685,27.94193689889866,0,low,1734.9258473948942,39.344797269414876,64.86140262151095
27.30601169278037,28.565824959643052,1,low,1531.4549141893053,27.72846806028683,80.20900290381864
13.678175463983099,109.41908746641182,0,low,1287.9453426759924,2.4302442306653163,29.72228419185955
25.204155676494807,39.18673247187429,0,low,1492.8195845328246,16.919748964347885,107.20315788826184
35.073130512876276,52.33715621155208,0,medium,1299.9420697770227,39.60678197392914,133.0013206572699
25.93094358490721,42.6656402226988,0,medium,1596.081955238306,32.87653038759618,88.39911356880151
17.983228038135003,55.49963058319373,1,low,1433.8439228552443,-5.131655310438945,56.03010210024158
20.857228399054073,26.94238427460934,1,low,1164.4055290788788,25.3185998404998,70.30637783581128
51.47008912294532,71.90597909082703,1,medium,1116.5830745556968,7.278979293540651,158.68244712113037
28.570034656521326,26.76125635922149,0,high,1546.6956820721302,-9.650886905982594,52.266330667601494
42.78428749432679,100.03565078223616,1,high,1902.4130332861034,10.174048451349979,74.55670647615412
55.30755437693712,43.3712081910433,1,medium,1343.9576865576855,1.7377210862485644,156.66548444717276
72.13553457664287,74.00119146045105,0,low,1733.0001072226232,30.943463526023578,279.4383810765306
13.538092585698905,108.00790875614582,0,low,1658.661354939767,6.866530442288273,10.0
81.94693590181384,85.08773690471942,1,high,1931.5549143094809,31.376184697690853,186.99021778492934
66.51103505418169,73.29577865513353,0,high,1820.9810172991408,-9.970103058260234,195.27224980545827
17.35831287539847,52.43337531153756,0,medium,1566.605258905463,5.390957501305957,67.2819844561663
88.62207616960995,53.300191305819794,0,high,1657.0304982341072,2.058260715388098,298.90194075978025
92.87851604786319,86.94869551981901,0,medium,1898.386466584035,1.6783680534305496,276.1474776866456
15.497016386937737,119.41393612211675,1,high,1399.5187845869348,-6.590669011726865,10.0
34.918988333248336,86.18391898493786,0,high,1326.7947058577774,-0.6437864794749135,92.46060157678495
82.55811518137551,75.77834173700249,0,high,1010.8110836351964,17.777478494280995,288.24020633340484
77.34337213452925,93.06505102392461,0,low,1826.551074191464,4.568053641887225,235.16201801969163
26.60689174207396,66.52056122837182,0,low,1800.9807004033648,10.869739116457396,112.97164602544242
28.841439100303926,26.01423426007852,0,low,1104.4545181001513,8.843344017359424,81.74118191409552
43.34248925122438,76.22968158779098,0,high,1576.8573811327,33.795246249994726,126.00760009457557
53.60706866719192,115.76252845053801,0,medium,1463.9816981668873,35.264949950525775,13.391772753997532
65.64292943772664,37.530294235765965,0,medium,1118.7090955091114,14.647848582793003,236.02382167803358
43.202227561279514,89.00048908206658,1,medium,1980.5682270607235,6.507797515780219,110.15289896901344
51.62812445198331,40.093368865905646,0,medium,1214.6958874633553,-4.659964799881818,176.68676041133435
77.2723844320381,73.58276844730813,1,low,1067.234180090561,37.67014396910475,266.8315048818402
13.30148826015381,29.66764496467196,0,low,1594.8473795019095,-6.988652754985127,53.56677175308536
32.719324990961866,65.03709362581851,0,high,1738.8666771330327,4.882513878414022,103.2958038296307
74.20146272960972,95.61633288952461,0,high,1032.443446047187,4.903310058500207,177.1716563790853
90.56861539184794,54.757152423898205,0,medium,1658.7176387270222,6.020064307010745,339.6236733722118
56.05096979040995,86.4911724487218,1,low,1532.2918759514546,-1.7856578363795368,151.1373129918567
57.89021367387841,99.54499607897291,0,medium,1103.2650088750484,29.158071546184857,137.0565343029317
19.645481020579844,112.71778194794527,0,high,1172.5238769463622,-3.875106901700539,19.000487932278865
50.26711301411092,43.46420818554535,1,high,1567.9742973160805,21.74533295765814,144.07224431736273
57.935553980952086,59.931591580930814,1,medium,1296.3576135132885,-3.807698664709127,183.71238001623263
31.82234532712567,35.24160133304174,0,high,1938.315728651316,-6.473218120352172,82.12610734972012
34.231890785444286,119.24835021583752,1,medium,1818.7402294840508,35.47147518429382,26.577722337905612
43.95557467941604,112.70009679242953,1,low,1983.567206513663,-0.4935616840647157,45.97818723039385
11.806407799995373,73.99571302805596,1,medium,1259.670838950414,31.062507727985214,44.548254936473825
38.987124902486045,104.20332943764213,0,low,1969.7236327979772,17.23154355535679,77.96462855294688
29.03032062968902,72.09579772720423,0,low,1431.233869791558,-6.10717401956152,122.8255862440892
39.47476169601232,82.35856880027598,0,high,1347.5187953137547,37.772409571903374,120.0113684529355
20.778591863732608,28.912443211601662,1,high,1050.3495269693533,2.348058349594627,44.78719051979259
90.14745526659054,95.52704204968079,0,high,1052.7652578596026,32.98226726763033,202.7270254246811
63.42332081986438,32.77134836352349,1,medium,1692.0112559466547,-1.5594997107717905,155.58184452420713
71.11920872300406,102.60676302525283,0,medium,1457.928994434028,32.69714410709264,104.21317796194299
81.02541147466044,98.20280876703859,0,high,1226.5216260361058,-9.3385593547353,157.9818548941573
54.85979790361515,90.87446977429764,1,medium,1613.9703063252327,15.589022828474032,130.47760811231333
17.82282592786813,23.616038052476213,0,high,1252.8581182501111,28.472128971077844,55.76610161406444
58.3395887636693,50.31283559453286,1,medium,1577.6317543444225,36.739775874639164,181.75068124513555
62.815700621879124,46.311256991084285,1,low,1359.2087469826904,35.460106810324355,203.79484355628412
77.0895526765897,56.01364074715191,0,low,1823.5522266118192,30.981243477382243,322.57995947816295
48.84935916067114,28.764274676383856,1,high,1820.6961607667793,34.4095674830652,90.02998035630102
21.48222725160074,113.69578230310628,0,medium,1477.3503981224012,-0.0390157081461755,20.69201363755015
35.539831521885205,75.38022407123762,0,medium,1350.8191093350156,4.209214785586438,130.14680680942953
42.67740667587716,50.55243106580235,1,low,1362.5597965590946,4.448426246052925,160.23721156877002
68.13255171984412,59.698151707428345,0,low,1805.714525668218,8.85269655008494,279.03939902971615
61.37004742020207,64.72025405048356,1,high,1328.179482797612,9.666033519259436,181.30506689526337
42.048705330806165,80.05943333606173,0,low,1209.0593737068461,17.227766232733774,155.77948706472904
98.78637239136818,71.56794276964978,0,high,1084.6883418753068,-2.006011831677931,327.93209678549664
64.51973374211985,111.93919732144174,0,low,1466.6931208844085,24.562333189299466,76.79110316354092
31.350411256239504,69.69634829058302,0,low,1482.1320989198418,-1.621673034774675,130.61736629985802
19.160422535836336,119.21580148233127,0,medium,1840.9087104029072,5.5154241052273765,10.0
23.75732252658988,105.14249577450957,1,low,1221.238696446064,15.167256530307704,43.53627242766539
32.136195554605735,40.85105143573358,1,low,1380.9912736684,29.822028076173865,122.94814359367656
24.46132359336001,113.05952146439162,1,high,1808.4057388936908,26.973461661936362,12.68318244588359
26.79103216461752,31.63663978854761,1,low,1823.6236107489735,22.276717820526116,78.53634972943306
35.65856518244624,101.74497084911916,1,high,1384.6110759787682,-2.211336970991492,40.82777345957879
25.603623576527934,58.06232934765801,1,low,1459.1240232866808,17.352267280778886,88.3767571638726
90.70888821637827,107.79743204450695,0,low,1303.2858908492829,-5.6276749100057275,136.59297454314333
17.2210371095478,106.80566901074504,0,high,1932.554878419312,8.868158839832539,33.558452959177
57.20602506132292,100.59254001176211,1,medium,1118.6437657415804,10.67582651449796,102.8621721413639
46.935714429069535,99.00304363070614,1,high,1933.74942300147,-8.009428027712309,69.15273021632358
98.41407552177458,50.46791390980408,0,high,1683.8664518353432,3.6994049734985914,314.80510580338745
20.08350119512471,28.09192830512522,0,high,1531.5721526867312,37.78247336332447,42.71583973695292
45.80700391411675,60.29801787651615,0,medium,1032.659060784496,37.681630391484475,180.7138470100241
97.2523389947832,37.352451498650865,1,low,1475.5961918220082,7.616352712626966,288.7103568740105
87.89564133045822,89.49510889024617,1,high,1407.7481050027322,-7.844994552583797,195.1712188419497
83.5364863854352,54.609972653778556,1,high,1161.2188119751227,-1.0452530335909227,230.80434531359342
33.211254434044584,117.56102008599149,0,medium,1656.4096035006569,9.610889671677008,17.379734588249654
25.379882865105923,84.0972077345332,0,high,1971.1509073682857,37.38898489846149,56.3605011806554
70.17788979319879,102.24805636343609,1,low,1562.188811064525,-2.9400468231407544,129.1010957470584
93.64383902148272,33.252467274184845,1,medium,1714.7532764439457,28.175792183410614,252.99921992447622
60.10866037125368,106.20144822726226,0,low,1068.4504525660168,-4.565873031265396,105.98509853884133
61.44514205229099,112.27571905133944,0,low,1417.6669958169948,39.06287886956384,51.92462660989367
35.19811842942558,68.70619188189359,0,medium,1116.358485164496,9.080824955456748,139.3645847000817
79.25436398727432,80.62529377509775,0,high,1612.7958355365104,28.761726944952798,229.12663888405157
26.833937370177104,96.48098009029954,1,low,1938.4821582141544,7.129554140556593,57.043427799822055
39.131131276381936,37.48386272604125,0,low,1661.7777324716385,21.383443857940435,159.1261234308147
48.28927947547751,70.25660764634424,0,low,1076.8030483144216,-0.39919576299816306,207.1718452812513
55.68493408160095,59.86630277723131,0,low,1354.666204985083,-2.6989490351518732,230.18851031374308
31.816875917357223,34.63739921622491,1,medium,1550.6633794408515,36.903206978406565,73.84472952399905
20.335314226528318,56.753442229153144,1,medium,1403.2077561332521,35.88236389522167,72.24270989835729
64.95580381974693,26.817230938549358,0,low,1833.6440104751723,34.37344701064412,187.17275646256448
35.97674979162302,22.5811906949487,0,high,1814.6710047099891,21.271672508329672,53.8852816027029
62.31143992803511,33.51662891548227,0,low,1611.8310201032214,30.413410560813915,222.5812904349896
23.892644374678206,116.31151115891738,1,high,1373.4579451327054,-6.548153154431255,10.0
53.30260916693357,74.9529535895017,1,low,1255.3363737632442,6.739452094533959,196.05496574666128
57.93304892964273,116.582216115322,1,high,1105.8743182131293,5.685156237857811,10.0
14.664118314018422,63.2497878330132,0,low,1354.8976834865541,21.78226609763066,34.19078015807665
40.294385037452855,51.181613308525954,1,high,1413.1725172077195,7.797888673532025,118.20432678974315
22.09732092450768,70.61418628402441,0,low,1675.8229251040736,-2.57466091781596,89.51645314555357
15.703747342549097,63.95116886329101,0,low,1658.1598242975733,19.823353770677187,52.66262259212397
99.09642091509507,30.566468426174392,0,high,1070.108139641257,30.719196033454075,256.92733125023915
39.01184604772507,84.08263146902063,1,medium,1395.2593154311578,9.10617472299866,136.05762764662913
82.88870012691714,41.60381825095996,0,high,1181.778867217362,-3.386564245075915,247.20084703739846
32.917658928738746,81.95879548978296,1,medium,1156.8127053168057,-0.1655901343588475,99.59851424803041
71.33524500015363,85.02010923981534,1,low,1827.302149737246,1.8741652584691995,197.9985631860062
78.42050739007179,35.20248531286481,0,high,1041.9152167162574,4.994879649726812,205.85825861045456
63.60748665470599,26.134962711066816,0,high,1419.1828759021214,22.139753525315456,153.8346833850668
52.441856969514255,98.07615860684398,1,high,1168.2036557665183,20.04727422688595,95.29221711946381
47.06568227325417,65.98004237693202,0,medium,1879.330215678474,24.803993078351958,176.41640945612676
41.39814398886958,25.81637955054758,1,medium,1557.0405132750352,8.125099226575657,90.1878196794102
93.65762298230433,119.48663171697672,0,low,1231.380636376848,31.199882593998915,10.0
84.75574670089563,25.778056099636665,1,medium,1502.4272871663763,0.20438305778801436,179.73552126477367
96.85242195998613,89.50352288585532,1,medium,1731.4863597031158,13.452037375907697,229.736528186732
21.186750113699027,118.36789252634136,1,low,1958.1180089194338,30.046936077071514,10.0
75.77807276832799,43.91801042159256,1,high,1220.4460042454189,-0.9920676133690378,181.3308939981866
94.45064111389341,34.22493686871962,0,high,1886.181772129345,-4.506844312960853,223.15091050947018
26.310975954909413,32.13849394224289,0,low,1934.3041141674903,34.18419838439949,92.45545393766537
15.984664063009975,50.327514756759555,1,high,1916.4205445320663,7.146483137959795,49.00805042752364
76.70085843610532,30.104581101064667,1,medium,1635.4143568619097,24.1935062454516,192.82615490974408
61.70258018619207,89.2161341694132,0,low,1629.8206544347076,-8.732569786803076,171.90397192391592
85.76458990824449,26.22917981300627,0,low,1403.2106331838227,24.502344420472483,253.51892192451433
22.579513896366056,70.94221281497897,0,low,1752.3978823037878,5.805065577348525,88.46460046148289
81.57405806739011,119.66968538529768,0,high,1531.2940183509318,-7.212957320627913,10.0
28.14645880429701,101.39702695060188,0,low,1677.4380712282946,20.49063807740585,58.0613040172519
24.729034857913405,81.52194382310108,0,low,1428.4579038487955,2.0401908036586622,96.94954230545443
24.783921813789362,50.62536207866117,1,low,1731.496464043139,9.340362102594,101.44746193695812
83.3117248208244,82.38958362916384,0,high,1824.471517604549,-5.970959385674321,222.14151689632735
69.867749862658,72.70414639116515,0,medium,1146.4362566028162,-2.641837445252734,259.15872521299235
57.07588822922074,62.60833838903715,1,low,1832.9297155742279,4.898861774792188,181.05549886133338
42.29474357111523,33.07103767401995,0,medium,1540.2965317903072,-5.512024971992143,129.0944975198468
88.94804867317974,108.66042152404667,0,high,1844.6659090902244,35.54131323431576,92.38405090457958
45.32005966803718,64.97846488213224,0,high,1431.3017063410146,-9.697647840801078,146.50881590120335
83.49394955244193,39.46225118207651,0,high,1379.040485383035,14.193010943215569,258.80939041782796
49.52214177131966,56.77593508772896,0,high,1915.0607325172223,-3.8376270933724275,169.56924447284342
43.92499864824168,61.4129752528927,1,medium,1251.1692675484014,5.383954473897427,135.90846771153682
51.64118071026458,102.75378955668742,0,low,1844.2123252861431,36.30297799091328,110.75500835717662
37.12400867477279,93.3614380561402,1,high,1484.0205725094042,-1.9152723363006565,68.88042073252637
77.2848442158626,96.93048936413398,1,high,1514.0954425512596,38.29161598591663,134.43779757171595
55.24483510832312,21.10312644286472,0,medium,1308.468281489484,0.28971884947108606,119.17066785883104
30.89914256321356,61.615399817976154,1,medium,1573.0422006190156,27.078305423341476,94.32402240437347
90.96171159471116,68.13441516353237,0,high,1325.2111962762112,17.333863244865586,321.58000618468293
44.55020992358903,21.919227682305667,1,low,1039.2694142416524,34.22393637983796,98.2940115754997
58.919757500258974,45.981320874503425,1,low,1271.998605344356,17.699662775156547,216.72599606007887
91.58248998680922,96.0289823122135,0,high,1006.3790434065907,16.727960957815434,215.74745594046817
66.18141963225929,33.7109705728999,0,medium,1978.3547870568566,-0.22709998158000566,200.6875273335218
20.520823663752765,73.53101314525917,0,high,1965.7472098197475,-1.6885318974170644,71.28164650784943
94.58489112521276,41.52018720172375,0,high,1395.155297472305,35.82445755577571,280.2075088108306
66.4937247764276,21.212077464389328,0,medium,1728.370854339646,6.391909942501705,154.65314409126637
40.14150531913775,44.12014575995415,1,high,1345.806098410425,8.604112748144797,98.27928139961425
22.53448653970485,117.58737549100537,1,high,1671.0931570859761,27.991182921419423,11.07883115896771
81.46226703432664,100.15371118829896,1,high,1805.4300430459791,6.941174121140367,133.9847545408548
65.80654803356622,115.95766443210334,1,medium,1946.7562446922407,37.60312233195014,10.0
58.01149827786894,68.78540439263625,1,low,1400.212275849672,26.896388449940012,213.4812310405537
90.45033247458619,30.97361986775035,1,low,1783.2979829560477,19.871462128671,255.17877142338506
80.97374901020777,74.7959488973693,1,medium,1265.9284506321187,34.04475802723763,243.36135475151744
23.650739175947606,65.4377334559961,0,low,1990.3323037936484,-7.519704582525862,104.37279165701332
38.05498610159934,104.4357082739616,0,high,1025.769598764351,2.8531346094604366,52.8992431166881
32.36402258330192,29.80825807842446,1,low,1603.528806501121,13.251816711045496,81.26740285329512
76.95516633154092,68.82411370217781,1,high,1659.5059816513271,1.3489269735760505,211.69128876658525
13.017919126220145,35.00486646939842,0,low,1688.0455570741287,27.195259365107596,53.287356376650195
61.29007163841849,52.467592689006,0,medium,1120.387578789089,35.96040155268626,233.08710032376686
78.62128171666215,93.73570773877996,0,low,1938.5297834731305,11.18850599654617,238.25930087223693
88.90890730855745,67.60181293687666,0,low,1181.1832790500828,7.106630005594749,386.61040180373044
40.78735738443167,57.58882851457693,1,low,1622.7534032398412,38.07753660687831,121.53207728508461
83.91315742048116,59.44762785700353,0,medium,1222.676079123085,12.242621641377042,330.06810432509445
19.95685632596865,65.94467684059866,1,low,1307.216417021271,14.45242002246416,69.2398352943404
86.18070625610663,98.50165438370568,1,medium,1546.4585417281244,7.582493617095267,170.1257505998452
21.47397960987842,109.20846889402344,1,high,1417.1934185645764,35.477423650606916,10.0
45.755856150433054,115.53346865039283,0,low,1160.2256009765063,18.447774164092536,55.48570809559246
81.75658292015983,98.6903386255295,0,medium,1170.9364024208483,28.108729359082233,196.57327515242338
23.492568461389638,51.54068957480128,1,medium,1418.1447881627996,30.590335917544316,77.81079064993722
30.632625570937734,88.81347060865421,1,low,1757.2829782755007,7.09245209586291,95.8434861764639
75.00273115537597,63.760312405539196,1,high,1897.9646468477886,11.684716566019002,238.57628838805257
74.80328828914669,45.467062204605114,0,medium,1084.1276622593828,32.423588720313234,287.2288222985615
67.70328695967676,104.08715794259226,1,low,1393.103907559401,8.162767583790512,123.8026617634769
72.455360002039,23.8426348962325,0,high,1100.2455637228766,29.696756672592564,165.23351930118275
58.84519990128366,110.17619921354235,1,medium,1016.5924806325979,37.04961612872186,57.16462967175187
32.66191530162575,66.1477464624734,1,medium,1661.7186826439565,21.16051865340035,104.78984339576705
41.112639415352746,83.72014768082803,1,high,1602.4494419665878,27.081364372594443,94.17054097038528
26.34379451212831,85.93539222057827,0,high,1163.0191138148862,30.254865602056746,68.74559732277297
91.76055052002656,109.51177407065364,0,low,1233.812833093064,32.25198244483212,114.00468858226128
62.50526152895084,83.66696821672073,1,low,1023.7077536445183,9.752666892839798,198.99749449000424
46.07662750872759,81.39335847600617,0,medium,1834.9472056944037,-7.436827041200091,124.92512827094234
51.58052232797194,26.665204056068994,1,high,1974.6905960485515,10.093813561836978,103.38631241391246
95.25550056506339,71.8408021945204,0,high,1135.4595367946908,23.687811489204492,332.2309094369957
23.801626280447216,35.016900081704165,0,high,1231.4752137652981,12.51751928903964,71.40938478733376
62.76068488151175,93.74337687214856,0,medium,1868.409523946934,27.448157543019924,159.2478572291034
55.52998109960194,71.22219208126745,1,high,1926.4637979561849,7.849121473433193,182.34071317596707
65.0308811891183,88.02277792083532,0,high,1419.6273828068104,21.737207055201477,196.34716079847732
11.629916543875646,24.16729006023843,0,medium,1050.622472269074,-0.6790097573012712,16.182796657923
88.49115180497364,28.47920160458032,1,low,1039.3918336928193,27.468471832247843,247.37032953540495
93.89064542352511,91.63233880626822,1,low,1573.9498660690106,17.284798440651294,249.15163895018455
60.861986523028804,27.208433599867337,1,medium,1392.895108893179,0.20321942733002984,126.12229461983195
72.6985741489203,27.12567277652586,1,high,1028.6524275776544,4.595558674890363,137.2730576698653
93.02494430595661,21.210847523488745,0,medium,1583.2523923125568,27.430435429091617,215.9137583850239
73.65147708820587,115.65013982994802,0,low,1011.3025365890225,14.130061783076034,39.88629898040497
23.72851386228352,93.75083594590069,0,low,1787.3719581492728,0.8015720196536105,75.77330912875398
61.86595241501318,55.32514085020642,0,medium,1306.4328227033716,38.36355951851488,243.65875482497583
64.60435417445703,49.653558128765525,0,medium,1040.2580030092322,25.756250990844393,269.3629247838984
48.17176041721474,54.97032297458495,1,low,1588.3522209831533,37.85674162698981,160.3691856893118
76.27998120622506,97.46535311811819,0,medium,1397.6844144330548,11.35525226801716,187.95689406836084
94.09303132921134,86.13706110704143,0,low,1973.8004133571494,13.755017034586025,330.25849650999
93.30116616160987,38.51955678674679,0,medium,1544.198662503702,34.89776080925096,304.1521978819618
50.57554342637189,37.41093353340844,1,medium,1275.2391810370082,16.252467012269232,141.67619581785888
20.19142412566797,29.839564971339733,1,medium,1709.4388646339748,25.36394559528336,66.21632262191262
98.63570790661011,86.03027197013381,0,low,1271.4920025427114,2.608643874776499,342.63571649361654
85.50082778013407,96.43726622217359,1,medium,1904.2432914075653,12.336323435132027,181.59683394709083
21.219641308294015,46.5046428325004,1,low,1374.7219705073765,-3.827506709482245,62.07596279616753
92.87576943556351,22.09449610309128,1,low,1549.8685627762052,0.2990017938480847,183.79465411705962
88.29067258559155,28.217166747642736,1,medium,1050.5731038242288,-9.952829236618445,192.53032256764362
56.69542514134649,116.78600348450304,1,medium,1426.1212379522308,-8.036747417566989,16.916217531255167
63.21478921704363,49.54447774774202,1,low,1832.363539660995,38.86419115884647,201.31785800483877
45.910243348311724,96.92231478381336,1,low,1805.648805363342,2.1176847568381145,99.14045016060678
14.928547493982819,82.46635688542638,0,high,1224.3185588535262,23.165535475200095,29.576125085206765
40.16775174813108,58.19396396528959,0,low,1226.0790710105628,31.954984939980577,163.89492321693177
82.25681037382103,40.568726219555515,1,high,1817.305312213237,17.533022961828213,225.0732606652682
10.416882070414257,32.138641815940645,0,high,1930.3984201693256,-2.3427749958021904,32.05513334117853
40.014925452202974,81.50129680388666,0,high,1095.3609212730034,26.405821866808317,121.7188799768445
45.8351824231849,97.4633780637788,1,medium,1450.0586394262252,20.012570504979152,86.41018543318339
58.36560426441306,84.39042535411306,0,medium,1337.454278964229,26.562529467368755,183.9476653540587
92.78700547714844,73.03021332491583,1,low,1870.6884554574394,28.48733114285436,314.88494013531334
41.17113949293651,24.195122343163625,1,high,1083.5249146800188,38.770518384237256,83.55759540814094
41.22578817066049,116.84887775943838,1,medium,1211.1259425580374,18.6781640013355,23.99921326945865
76.37511232987735,99.87141916545745,0,medium,1752.4683375864943,7.082055634530093,156.0790410008179
50.69961468008265,49.28220367009648,0,medium,1051.2938489812157,22.42322784501185,191.2084921881268
30.214434064598375,117.99703293588506,0,medium,1492.5353807142892,-6.577964537868693,10.0
50.7195564519424,80.18815896363222,0,medium,1442.10703467972,34.86986591607931,163.75009863881368
22.677131834181985,78.24226582072464,1,high,1334.4011789887486,-4.030949433090161,52.36976920834703
25.874828785560098,94.8073179429532,1,high,1394.5723153189238,6.392141894290912,63.2731966832656
54.853099546553175,101.17697880901376,0,high,1529.940586930233,30.787269031306046,108.02938927914067
47.70329045540931,85.64786073315027,1,high,1161.367358388383,19.865618916535592,123.50662027053102
92.33613109612901,32.80957463662,1,low,1571.995878283593,9.681776013872103,255.05918474188837
42.61545092049698,53.82675059944984,0,high,1805.4323292999863,13.67178296875107,147.05070907309297
62.25295152502391,112.80836403260497,1,medium,1760.1609297901591,32.72736966010902,55.66772709773336
66.90378591275774,42.46156118438519,0,high,1153.8999046937738,7.0002193029946085,209.8820113935877
11.178501092950027,57.21670238375133,1,low,1149.2494697414738,33.482484240608564,54.819801559245754
69.71836348150396,63.2076882944196,0,medium,1268.1743677449133,-5.593278451165426,269.5623512199425
26.02323701827763,63.940498969445215,1,high,1361.0747263410371,28.839921860431538,93.82975348141001
96.49632857225096,81.29395824945254,1,high,1408.4555814084827,32.377381652736815,249.85912949255533
23.379645497780167,114.30758377447076,0,high,1679.6972168333452,-0.9091173581330629,19.647382596517982
47.316171135432135,44.06927118325049,0,medium,1056.6804321658353,11.51732661861002,191.30495880245763
17.681470127077947,32.150137630091805,0,medium,1034.6727042260663,-1.7250112668172193,57.364843829384675
99.71868266613527,39.74704898599373,0,low,1391.910562943909,25.330206449710886,386.9199819011818
55.19755092981183,108.69249002092695,1,medium,1697.1636921379804,16.767388403082837,58.706150802722455
63.58465155880394,84.5810812655206,1,medium,1193.4353429564826,21.76616733541605,186.9464544755126
16.036882964958473,48.590678923916016,0,high,1641.5044812562517,-0.17565165218944223,37.76631487353713
77.496442335926,101.59469389686173,1,medium,1259.8281379402995,0.5872931026209756,128.42318106105927
28.891503378602717,106.1369996363436,0,high,1886.0861088135164,-7.925133724504682,47.75539324381354
90.82488604966424,104.6514338690278,0,high,1895.6899442666165,6.103376759786485,112.23102213772226
28.462567643380645,111.89265336395545,1,medium,1297.2872042813265,17.987233066683746,40.16729046507295
27.16189485972999,45.22410201733616,1,low,1229.9937539632406,32.89674569986644,105.44872211514758
13.28947010632854,95.50419287462783,0,low,1411.3039720662314,23.346372372934034,33.971481738278484
52.48602505989993,66.053949727414,0,medium,1240.5315851801488,11.769816169987571,212.4312972680008
60.83570199363548,104.19985528900615,0,low,1672.3838432917037,37.65600571970689,115.05011924174944
15.913777548551714,92.84906771616131,1,high,1826.0646845482856,25.96226002879159,44.86308516348781
79.79748550255096,97.64474464997247,1,high,1673.092130911217,36.5082601431275,146.51391703036563
50.795995127322485,85.61618376810715,1,medium,1824.3504472493496,16.379398663608285,123.87295751714638
57.195124239482205,37.74287694697068,1,low,1396.9921622074742,2.94521373965698,182.87636097709705
49.668647224440534,74.50269188969384,0,low,1156.316970708861,-7.358665681763901,189.65786690286512
46.06867547877934,118.46697395245081,0,high,1737.9509473975922,26.30424257419252,10.0
60.36762981773961,113.73880664971189,0,medium,1360.474505141554,-3.9348500997232936,36.85876008247946
23.971622133764125,24.31737357970117,0,low,1671.2708252291325,5.138756413598358,82.30809446329587
26.3735317445744,36.481481572943714,0,medium,1270.6439419817657,16.62354539419487,100.94486744469508
87.56070589121656,33.17287734545619,0,low,1081.2296348066727,18.220829388987383,314.3492944601671
95.15039159202695,92.59799099852955,1,high,1992.5817954877634,20.0291598493568,185.10873041963367
43.597838465177766,101.77853298569451,1,high,1156.2015079305993,-1.6872334825149675,60.34625935027823
34.367020582919835,41.35113663106719,0,medium,1988.4209939634811,8.986870241082439,120.63218330053009
67.95995889151142,70.5852692951829,0,high,1977.2799325664473,20.859711355848336,231.11159724483954
46.78607539882868,104.07030280112,1,low,1793.8181039080396,38.490943231689236,87.35112859363562
12.284772009431038,93.28015447662506,1,high,1659.4229620819974,26.381556884984434,32.99140699754029
24.053733762957133,74.22372054918483,1,medium,1577.8070502510845,36.130187854697894,82.42554329492668
74.43750059626578,79.03476904587728,1,medium,1866.1015453778346,28.110602915708853,220.81020895142072
69.30315477191363,70.836054691628,0,medium,1289.439521619488,19.585848444620023,260.98535638872704
12.438639325313513,49.75484513188206,0,low,1467.681212484877,-0.3988315431827729,48.058379918146514
29.97749457396545,76.50219928590161,0,low,1619.3899693665019,23.334282594625655,132.65287682009543
30.796731692926425,88.88853020500906,0,low,1411.1904758694911,21.168978297995352,106.07297058693779
70.47034692388556,107.33229158608077,0,low,1427.486454090268,20.123458522863324,125.3195905562882
11.773948397892774,83.62913539792481,1,low,1330.2846675020844,14.489293399412038,34.445470669305315
19.369772378611646,96.1121537043158,0,high,1564.2318166845362,16.43283019946378,33.350920234129354
81.99244768358705,36.0071634954573,1,low,1850.574528015116,6.722126355905203,242.41415326011187
26.069019584890025,66.15574744197899,0,low,1201.5283780063128,15.965634632115158,119.56551099809431
68.74714970666872,20.93316198270933,0,high,1934.4330387534415,-0.1222047160760873,120.73801629656177
31.436450294205386,44.66788645216231,0,low,1689.0876537482295,30.258719868018837,122.8452240730112
18.949725348341065,92.64617151130048,0,medium,1823.2732126800302,-0.7111522650646087,39.08752227603895
31.88549718995087,119.18099513493634,0,low,1556.1906926300117,-5.751685505526679,14.669058831602893
75.00402386700932,29.91780995872159,1,low,1779.5167014240635,11.81230131785787,200.92455319081932
87.01268212956572,60.14943158612883,1,medium,1016.2003973394673,22.915371975303096,320.12225156384477
84.71978781102925,100.00709686991596,1,medium,1818.3804247795351,11.885841246677067,168.68422064504136
45.74651766566093,40.403563462889885,0,medium,1040.1388590853664,3.8377065975654308,158.74538669361107
70.12766229135815,75.50849493022862,0,medium,1889.9133763628624,17.908559194522038,245.908365394591
28.448586587423886,93.30712960296748,1,low,1991.9627472386433,7.350116770609997,48.27102558109577
36.383295723491194,81.5985450260179,0,medium,1294.0674621767778,36.64338450633166,106.64270162054814
90.67022366690078,38.80247346154161,0,medium,1210.3185562857936,36.1322569801786,292.7097381156941
11.170173115966243,55.538456868573945,1,high,1765.3633638580407,15.118590998604773,46.52311886592692
17.695767776902127,98.37917844853972,0,medium,1253.0263409202532,6.3941997009129246,41.857506086613036
28.70976296314246,75.42265141320166,1,medium,1865.5623831722035,26.856620697831957,91.47994979746211
12.387898348643773,20.522961354291272,0,high,1102.8425921574767,-8.164352825846668,10.0
26.329189158081757,96.09907600280938,1,high,1125.9551963793583,13.738450302182564,39.38580180837759
62.473740487272295,23.531135494023907,0,low,1979.1515551006155,6.816169713516675,171.42928567806717
47.92820955332481,94.57337827312321,0,high,1673.8388982700046,36.02679425512773,109.48127598378002
90.34045399692774,40.24805601652374,1,low,1846.8872244289528,-9.399848636365872,264.11189648641044
83.56992055645968,115.80734801193802,0,high,1324.329377351518,17.640743785917454,46.31275580801497
40.76356165280884,56.79407513020845,0,high,1676.4837495206043,27.033179053331303,156.89795643189268
33.34810900881632,52.69316163380791,1,low,1594.2418273085973,14.250899376202064,119.79315526321575
44.17231673505402,34.888805033244466,0,high,1603.150120122947,-5.729848491863917,117.55147234828182
63.1265448263327,50.560421549021484,1,low,1682.5324595377215,38.62306950139511,217.21479644947692
34.125727674058865,107.66507618282006,0,high,1575.3591731290985,15.900521568804898,68.27433270747929
66.17340170642206,119.63343376272474,0,medium,1429.062369302666,20.70931221595057,10.0
46.84704869721164,56.83095305068483,0,high,1275.9226943805468,1.830489135375366,165.11796043026257
59.68424627667822,64.86106309545426,0,low,1768.581330913202,14.174904255340191,254.78510789698063
49.2513876221785,92.2070938202737,1,high,1226.2724300031862,11.457474597916093,111.17686586301686
36.50191835877259,108.61957804650746,0,low,1692.3543061544142,-6.255207899900813,43.257304066703156
95.3607976265941,79.30443341867841,1,low,1233.3328226493265,-4.691982322626639,299.4493891526466
78.72452147437848,59.15256981778293,0,medium,1625.330169954454,31.873625980938726,308.20801865155846
22.61018581898073,61.262184084862376,0,medium,1747.078267129029,1.9909976103295115,114.66724693490869
88.16211783081215,89.56181464968068,0,low,1218.7138889065393,-0.2520864250684731,289.3441906825772
53.86880784245623,20.321826360427867,0,high,1059.9433008613082,15.245572562506961,101.7034548881544
90.50970042046822,81.95893374598407,1,low,1130.973742994174,28.437356568125644,292.5993155391134
81.98697303525837,55.54930104413574,1,low,1605.9969672710254,-6.902674071050604,271.8127331148166
48.26921540223101,99.41973312770843,1,high,1849.4464062257355,18.840395981912792,63.65601760479453
12.022237748810566,29.299063982313214,1,high,1044.9968212354242,-4.039477857971332,21.98859288092411
34.180962344645145,78.82022669483905,0,high,1734.1512590416462,-8.176947458719077,104.23185296625276
58.747079319478026,68.09728898861238,1,high,1341.318645950052,-7.36280239188913,146.09514630082867
67.01303978435325,84.23255259052274,1,low,1478.5283699195224,31.708205410422067,215.2454618284097
33.20989168898821,26.485359448296833,0,low,1928.8595498455657,-4.101375818596922,95.12600354751675
22.54204666655417,77.99837874281313,0,medium,1331.9715047358454,-7.742431779385402,67.3458548298147
85.14372131193691,76.14845879595237,0,low,1465.336933939486,11.894994357145613,343.2502985961053
98.5961962633197,76.0660094416171,0,high,1013.6824147606811,32.19967359710124,339.5625589052265
57.312116407241724,80.34876665964548,1,medium,1081.5987200048385,3.120418824465096,174.6918303197289
25.451135726347317,87.64679372263622,1,high,1258.591591134784,11.08563087629582,60.197543704960566
34.50765938674321,100.49889996807697,0,low,1027.8522408210745,-8.003873371812439,75.05341787141121
11.655160889272006,46.98207201282143,0,medium,1631.3753260482508,12.453925706743792,44.00763722647981
92.28689259044491,102.5049410180062,0,high,1426.3983568016224,18.880654031856682,160.45064532365586
20.597597460112702,69.82556822634535,1,medium,1548.145202728022,18.545352687607238,47.33649009170257
61.88648279628282,27.70582791343312,1,medium,1174.6471858963296,6.621334608718257,166.7559574276201
34.66496986184854,25.85509292439792,0,low,1295.9320294366162,5.7766590331567755,102.3793846837294
59.87602022642141,53.42383186960608,0,high,1663.824474852725,-4.668819053170106,193.8350323469594
68.62783495166778,98.48969771114676,1,medium,1965.3027236303997,8.339916032313418,127.8550884018319
84.67676233364814,90.76809347409157,0,medium,1050.416773602209,-5.0252665563517676,226.92405921671136
28.577914458454288,98.86149646724064,0,high,1890.3843208552662,28.329797235602584,54.370042779895336
10.989624579263243,71.72690564416094,1,medium,1576.8812013112083,38.31371488740929,17.554327294998195
22.319706706192655,64.01989979554907,0,medium,1563.9195667556237,38.503722833335345,105.7442971008874
91.00167776632946,34.745252670628396,1,medium,1500.2785352077603,33.25355496876969,231.75628919915385
88.65010698062638,52.81927536093116,0,high,1069.3940859041834,20.039607466980954,313.22876725812324
63.76717919532775,63.40193661738753,0,high,1089.8768517361607,25.043284862194,225.9353550978438
64.0465174390288,28.860042967961725,1,high,1600.912005659086,4.260290134020703,146.1553403042834
69.853300709163,42.06119527112112,1,high,1340.9585714355583,21.538521008631033,195.6423826084502
25.783415076110465,79.82252940637389,0,low,1917.2680665776807,12.782477471993872,85.22373815892502
92.29707513324638,93.56631142391899,1,medium,1406.5905373594724,14.100866988846626,227.01117188677463
47.68934724028658,119.83475113929497,0,high,1143.281458702641,27.8888280187579,10.0
44.48246754245477,113.31133313435576,0,medium,1714.718833502036,4.095917779862582,40.3906703999477
56.70259347545538,84.25651995351916,1,medium,1293.35342144101,5.901980584725994,163.36722094052428
14.226937009754954,62.1248053294072,0,low,1525.470307355893,36.23208955643183,83.63144292988827
24.965503188047148,83.61773647082327,0,high,1697.83278550517,-7.1887852574513875,88.64834468660399
76.42302547837333,98.56516180802319,1,high,1900.2641112020704,14.28171492066702,123.65718270997759
17.45188011326138,31.833619092338733,1,medium,1792.1911948016761,35.64004002039309,59.291790686144864
64.28368985197494,60.99048896962883,0,high,1676.361067872724,20.51815039090785,231.99585095450237
32.081419871318886,103.98022856356172,1,medium,1679.6331823951436,17.320353710606604,54.93913685109234
45.036605263777886,58.3832951933044,1,medium,1945.9246440320867,2.4872089614677613,122.86744551279374
35.98243630936299,77.18722712271865,1,low,1295.824097496536,7.163774453222413,119.77991540612487
42.01054448184542,78.77693608621982,1,low,1001.1120941961874,32.602420790234646,134.09552470826486
74.71413146658209,38.447625313363936,0,low,1271.9545593981986,17.960906588422908,303.14001013589075
36.74095440608575,56.22354416522884,0,medium,1217.891379626744,15.737109687838995,159.13486812981986
60.976417626720746,53.451128874193216,0,high,1661.8345851139982,-5.021014322998553,172.34095414672754
52.84453619791897,22.61967085320648,1,low,1633.7115997655292,-9.198592177243844,108.03756986322377
69.73040488263834,22.419176389135526,1,high,1593.4613827047237,38.184259434352455,130.70370350781332
94.31467653922822,103.16970436757735,1,low,1016.2434432094537,8.849308364342082,169.73475941492947
75.93148874892253,47.30708099728124,1,low,1728.7780544506475,20.160653104975214,280.32361410527295
29.34463407316811,71.80787662388154,1,medium,1323.5304124854915,-6.014246340635751,91.5370892477886
12.80648215551562,49.8725573588773,1,low,1665.055989006631,24.155714286152325,49.69978221515675
33.60376398698426,114.06792451153404,1,low,1556.5784285021532,36.62833543529805,19.75431025407608
63.55701376302294,45.92967588657737,0,medium,1342.730925427907,18.783262649870984,232.43871503619198
14.628323213582531,62.96568127389351,0,high,1134.5762671041077,-3.694233881229472,37.49755598514641
54.67296224811127,107.27302504846018,1,low,1094.418897660481,19.086076373673837,88.24819764444085
63.71585640252003,104.19335667918087,1,medium,1831.5183331122234,28.31736065523262,95.05783391343903
40.08195017352647,38.61014178462773,1,low,1918.397542081558,10.320826828700934,123.67385303331443
79.38209833712398,100.26433097957104,0,medium,1649.7880467642995,33.99188739707339,160.9199026438779
19.593842782039463,65.81868867378927,0,high,1103.4341148604833,22.434147667868224,67.97155001091318
16.762400356222788,68.29688720853552,1,high,1402.0272168882407,34.962445914460126,58.07902844855646
75.5369880583243,33.34799724159438,1,medium,1728.9392001051572,21.17526556236686,201.22297429514873
54.59421845855786,28.060151375712465,0,medium,1779.820884010068,-3.435601399758789,127.50735070513903
71.95621567849625,92.79393069737652,0,medium,1118.2186222910886,5.484585555259455,204.83511390292642
49.13446047433716,69.64611523552998,0,high,1000.0307188453825,0.08974741262284525,161.82630986043608
32.17618299151961,63.68507026151796,0,low,1712.137045880605,35.441324885843116,133.73716229681264
83.71920859067798,92.95082286523967,1,high,1356.5961759862057,28.020003364374134,190.90863379605713
81.94742910720814,96.55128989911097,0,medium,1254.4813316182604,23.8199184455003,208.6897291354945
72.52268237689842,35.89081676693536,0,medium,1012.8974697895254,5.048315981581084,241.97510744932165
34.49306235069665,81.02251494776414,1,high,1540.2994067614995,-0.7977613974893245,72.87124018134702
63.12076001821784,33.535408227768556,0,medium,1851.1507354259818,27.822554399445593,192.59595786949245
42.48765072460241,95.13750860290457,0,high,1957.631646272588,13.707897293953984,101.07535864086037
18.242386599397072,85.69551562671396,0,medium,1565.7449506132893,1.289477607531456,40.017663080670594
92.55822179160185,115.6614621083458,1,low,1514.4613277398942,20.831098908263755,51.14571164317461
22.313676782706526,26.89580163564212,0,low,1085.0563854892412,-7.983307393077402,64.75072158467069
95.52136184387221,25.70547211512543,1,medium,1548.8728015425997,6.3085127064126745,209.0089168127927
50.140519566216014,48.218707469320016,1,high,1379.9790789653946,13.427849729556733,155.1573928433739
